month,order_date,order_num,quantity,order_status,sup_name,reseller_state,gst_amount,end_customer_state,gst_rate,meesho_price,net_commission,commission_gst,shipping_charges_total,gst,taxable_shipping,shipping_gst_18_percent,tcs_taxable_amount,end_customer_state_new,financial_year,supplier_id,AMT
null,10/3/2024,732292,1,Cancelled,Streets Shopping,Gujarat,0,Gujarat,5,0,0,0,0,0,-17.14285714,-3.085714286,0,GUJARAT,2025,1014070,0
2/1/2025,2/23/2025,125298,1,Delivered,Streets Shopping,West Bengal,11.66666667,West Bengal,5,245,0,0,0,1.05,55.23809524,9.942857143,233.3333333,WEST BENGAL,2025,1014070,233.3333333
2/1/2025,2/6/2025,118918,1,Return,Streets Shopping,West Bengal,13.66666667,West Bengal,5,287,0,0,0,1.05,61.9047619,11.14285714,273.3333333,WEST BENGAL,2025,1014070,273.3333333
2/1/2025,2/13/2025,121491,1,Delivered,Streets Shopping,Gujarat,11.42857143,Gujarat,5,240,0,0,0,1.05,55.23809524,9.942857143,228.5714286,WEST BENGAL,2025,1014070,228.5714286
2/1/2025,2/17/2025,123073,1,Delivered,Streets Shopping,West Bengal,11.85714286,West Bengal,5,249,0,0,0,1.05,40.95238095,7.371428571,220.952381,WEST BENGAL,2025,1014070,220.952381
2/1/2025,2/24/2025,125589,1,Delivered,Streets Shopping,Bihar,11.23809524,Bihar,5,236,0,0,0,1.05,38.0952381,6.857142857,207.6190476,BIHAR,2025,1014070,207.6190476
null,2/28/2025,126997,1,Cancelled,Streets Shopping,West Bengal,11.66666667,West Bengal,5,245,0,0,0,1.05,55.23809524,9.942857143,233.3333333,WEST BENGAL,2025,1014070,233.3333333
2/1/2025,2/23/2025,125282,1,Delivered,Streets Shopping,Gujarat,11.80952381,Gujarat,5,248,0,0,0,1.05,40.95238095,7.371428571,219.047619,GUJARAT,2025,1014070,219.047619
null,9/3/2024,624278,1,Cancelled,Streets Shopping,Rajasthan,0,Rajasthan,5,0,0,0,0,0,-23.80952381,-4.285714286,0,RAJASTHAN,2025,1014070,0
2/1/2025,2/5/2025,118607,1,Return,Streets Shopping,Maharashtra,11.76190476,Maharashtra,5,247,0,0,0,1.05,38.0952381,6.857142857,218.0952381,MAHARASHTRA,2025,1014070,218.0952381
2/1/2025,2/21/2025,124327,1,Delivered,Streets Shopping,Rajasthan,11.80952381,Rajasthan,5,248,0,0,0,1.05,34.28571429,6.171428571,212.3809524,RAJASTHAN,2025,1014070,212.3809524
2/1/2025,2/9/2025,120080,1,rto,Streets Shopping,Odisha,12.38095238,Odisha,5,260,0,0,0,1.05,55.23809524,9.942857143,247.6190476,ODISHA,2025,1014070,247.6190476
2/1/2025,2/11/2025,120875,1,Return,Streets Shopping,Haryana,11.9047619,Haryana,5,250,0,0,0,1.05,45.71428571,8.228571429,223.8095238,HARYANA,2025,1014070,223.8095238
2/1/2025,2/13/2025,121326,1,Return,Streets Shopping,Karnataka,12.04761905,Karnataka,5,253,0,0,0,1.05,52.38095238,9.428571429,230.4761905,KARNATAKA,2025,1014070,230.4761905
2/1/2025,2/16/2025,122569,1,Delivered,Streets Shopping,Chhattisgarh,11.66666667,Chhattisgarh,5,245,0,0,0,1.05,38.0952381,6.857142857,216.1904762,CHHATTISGARH,2025,1014070,216.1904762
2/1/2025,2/6/2025,119089,1,Delivered,Streets Shopping,Delhi,12.85714286,Delhi,5,270,0,0,0,1.05,45.71428571,8.228571429,242.8571429,DELHI,2025,1014070,242.8571429
2/1/2025,2/17/2025,122771,1,Delivered,Streets Shopping,Madhya Pradesh,11.9047619,Madhya Pradesh,5,250,0,0,0,1.05,60,10.8,238.0952381,MADHYA PRADESH,2025,1014070,238.0952381
2/1/2025,2/16/2025,122738,1,Delivered,Streets Shopping,West Bengal,12.04761905,West Bengal,5,253,0,0,0,1.05,62.85714286,11.31428571,240.952381,WEST BENGAL,2025,1014070,240.952381
null,10/3/2024,732553,1,Cancelled,Streets Shopping,Punjab,0,Punjab,5,0,0,0,0,0,-10.47619048,-1.885714286,0,PUNJAB,2025,1014070,0
2/1/2025,2/1/2025,117264,1,Delivered,Streets Shopping,Chhattisgarh,16.33333333,Chhattisgarh,5,343,0,0,0,1.05,38.0952381,6.857142857,309.5238095,CHHATTISGARH,2025,1014070,309.5238095
2/1/2025,2/2/2025,117652,1,Delivered,Streets Shopping,Bihar,10.28571429,Bihar,5,216,0,0,0,1.05,45.71428571,8.228571429,196.1904762,BIHAR,2025,1014070,196.1904762
null,11/26/2024,930308,1,Cancelled,Streets Shopping,Karnataka,0,Karnataka,5,0,0,0,0,0,-20,-3.6,0,KARNATAKA,2025,1014070,0
null,10/26/2024,817178,1,Cancelled,Streets Shopping,Uttar Pradesh,0,Uttar Pradesh,5,0,0,0,0,0,-8.571428571,-1.542857143,0,UTTAR PRADESH,2025,1014070,0
null,9/7/2024,640520,1,Cancelled,Streets Shopping,Kerala,0,Kerala,5,0,0,0,0,0,-17.14285714,-3.085714286,0,KERALA,2025,1014070,0
2/1/2025,2/9/2025,120043,1,Delivered,Streets Shopping,Bihar,15,Bihar,5,315,0,0,0,1.05,55.23809524,9.942857143,300,BIHAR,2025,1014070,300
null,11/13/2024,883055,1,Cancelled,Streets Shopping,Delhi,0,Delhi,5,0,0,0,0,0,-17.14285714,-3.085714286,0,DELHI,2025,1014070,0
2/1/2025,2/13/2025,121486,1,Delivered,Streets Shopping,Telangana,11.85714286,Telangana,5,249,0,0,0,1.05,57.14285714,10.28571429,237.1428571,TELANGANA,2025,1014070,237.1428571
2/1/2025,2/5/2025,118673,1,Delivered,Streets Shopping,Karnataka,11.42857143,Karnataka,5,240,0,0,0,1.05,55.23809524,9.942857143,228.5714286,KARNATAKA,2025,1014070,228.5714286
null,11/13/2024,882724,1,Cancelled,Streets Shopping,Bihar,0,Bihar,5,0,0,0,0,0,-17.14285714,-3.085714286,0,BIHAR,2025,1014070,0
null,2/9/2025,120147,1,Cancelled,Streets Shopping,Maharashtra,12.38095238,Maharashtra,5,260,0,0,0,1.05,55.23809524,9.942857143,247.6190476,MAHARASHTRA,2025,1014070,247.6190476
2/1/2025,2/19/2025,123677,1,Delivered,Streets Shopping,Maharashtra,17.42857143,Maharashtra,5,366,0,0,0,1.05,60.95238095,10.97142857,345.7142857,MAHARASHTRA,2025,1014070,345.7142857
2/1/2025,2/8/2025,119681,1,Delivered,Streets Shopping,West Bengal,11.71428571,West Bengal,5,246,0,0,0,1.05,54.28571429,9.771428571,234.2857143,WEST BENGAL,2025,1014070,234.2857143
2/1/2025,2/14/2025,121972,1,Exchange,Streets Shopping,Uttar Pradesh,11.9047619,Uttar Pradesh,5,250,0,0,0,1.05,49.52380952,8.914285714,227.6190476,UTTAR PRADESH,2025,1014070,227.6190476
2/1/2025,2/12/2025,121155,1,Return,Streets Shopping,West Bengal,11.95238095,West Bengal,5,251,0,0,0,1.05,62.85714286,11.31428571,239.047619,WEST BENGAL,2025,1014070,239.047619
2/1/2025,2/11/2025,120822,1,Delivered,Streets Shopping,Maharashtra,12.04761905,Maharashtra,5,253,0,0,0,1.05,62.85714286,11.31428571,240.952381,MAHARASHTRA,2025,1014070,240.952381
null,2/4/2025,118176,1,Cancelled,Streets Shopping,Uttar Pradesh,23.57142857,Uttar Pradesh,5,495,0,0,0,1.05,66.66666667,12,460.952381,UTTAR PRADESH,2025,1014070,460.952381
null,11/13/2024,881479,1,Cancelled,Streets Shopping,Haryana,0,Haryana,5,0,0,0,0,0,-11.42857143,-2.057142857,0,HARYANA,2025,1014070,0
null,11/29/2024,940569,1,Cancelled,Streets Shopping,Maharashtra,0,Maharashtra,5,0,0,0,0,0,-15.23809524,-2.742857143,0,MAHARASHTRA,2025,1014070,0
2/1/2025,2/12/2025,121251,1,rto,Streets Shopping,Punjab,19.42857143,Punjab,5,408,0,0,0,1.05,55.23809524,9.942857143,388.5714286,PUNJAB,2025,1014070,388.5714286
2/1/2025,2/6/2025,119085,1,Delivered,Streets Shopping,Tamil Nadu,17.42857143,Tamil Nadu,5,366,0,0,0,1.05,63.80952381,11.48571429,348.5714286,TAMIL NADU,2025,1014070,348.5714286
2/1/2025,2/2/2025,117647,1,Delivered,Streets Shopping,Uttarakhand,10.57142857,Uttarakhand,5,222,0,0,0,1.05,46.66666667,8.4,202.8571429,UTTARAKHAND,2025,1014070,202.8571429
2/1/2025,2/13/2025,121468,1,Delivered,Streets Shopping,Bihar,23.57142857,Bihar,5,495,0,0,0,1.05,70.47619048,12.68571429,464.7619048,BIHAR,2025,1014070,464.7619048
2/1/2025,2/24/2025,125649,1,Shipped,Streets Shopping,Odisha,11.66666667,Odisha,5,245,0,0,0,1.05,55.23809524,9.942857143,233.3333333,ODISHA,2025,1014070,233.3333333
2/1/2025,2/19/2025,123853,1,Return,Streets Shopping,Delhi,11.61904762,Delhi,5,244,0,0,0,1.05,43.80952381,7.885714286,221.9047619,DELHI,2025,1014070,221.9047619
2/1/2025,2/13/2025,121663,1,Return,Streets Shopping,Karnataka,12.04761905,Karnataka,5,253,0,0,0,1.05,52.38095238,9.428571429,230.4761905,MAHARASHTRA,2025,1014070,230.4761905
null,11/18/2024,901077,1,Cancelled,Streets Shopping,West Bengal,0,West Bengal,5,0,0,0,0,0,-17.14285714,-3.085714286,0,WEST BENGAL,2025,1014070,0
null,2/10/2025,120513,1,Cancelled,Streets Shopping,Maharashtra,11.42857143,Maharashtra,5,240,0,0,0,1.05,55.23809524,9.942857143,228.5714286,MAHARASHTRA,2025,1014070,228.5714286
2/1/2025,2/23/2025,125290,1,Return,Streets Shopping,Haryana,11.80952381,Haryana,5,248,0,0,0,1.05,34.28571429,6.171428571,212.3809524,HARYANA,2025,1014070,212.3809524
2/1/2025,2/18/2025,123241,1,Delivered,Streets Shopping,West Bengal,12.04761905,West Bengal,5,253,0,0,0,1.05,62.85714286,11.31428571,240.952381,WEST BENGAL,2025,1014070,240.952381
null,11/21/2024,910546,1,Cancelled,Streets Shopping,Uttar Pradesh,0,Uttar Pradesh,5,0,0,0,0,0,-10.47619048,-1.885714286,0,UTTAR PRADESH,2025,1014070,0
2/1/2025,2/5/2025,118622,1,Delivered,Streets Shopping,Jharkhand,11.42857143,Jharkhand,5,240,0,0,0,1.05,55.23809524,9.942857143,228.5714286,JHARKHAND,2025,1014070,228.5714286
null,10/14/2024,774445,1,Cancelled,Streets Shopping,Uttar Pradesh,0,Uttar Pradesh,5,0,0,0,0,0,-28.57142857,-5.142857143,0,UTTAR PRADESH,2025,1014070,0
2/1/2025,2/5/2025,118556,1,rto,Streets Shopping,Uttar Pradesh,23.57142857,Uttar Pradesh,5,495,0,0,0,1.05,65.71428571,11.82857143,460,UTTAR PRADESH,2025,1014070,460
null,10/26/2024,817703,1,Cancelled,Streets Shopping,Chhattisgarh,0,Chhattisgarh,5,0,0,0,0,0,-8.571428571,-1.542857143,0,CHHATTISGARH,2025,1014070,0
3/1/2025,2/28/2025,127098,1,Shipped,Streets Shopping,Odisha,11.71428571,Odisha,5,246,0,0,0,1.05,37.14285714,6.685714286,215.2380952,ODISHA,2025,1014070,215.2380952
null,10/19/2024,790970,1,Cancelled,Streets Shopping,Haryana,0,Haryana,5,0,0,0,0,0,-17.14285714,-3.085714286,0,HARYANA,2025,1014070,0
null,9/10/2024,649348,1,Cancelled,Streets Shopping,Gujarat,0,Gujarat,5,0,0,0,0,0,-17.14285714,-3.085714286,0,GUJARAT,2025,1014070,0
null,2/21/2025,124460,1,Cancelled,Streets Shopping,Odisha,11.66666667,Odisha,5,245,0,0,0,1.05,55.23809524,9.942857143,233.3333333,ODISHA,2025,1014070,233.3333333
2/1/2025,2/16/2025,122634,1,rto,Streets Shopping,Karnataka,11.9047619,Karnataka,5,250,0,0,0,1.05,60,10.8,238.0952381,KARNATAKA,2025,1014070,238.0952381
2/1/2025,2/24/2025,125433,1,rto,Streets Shopping,Maharashtra,11.9047619,Maharashtra,5,250,0,0,0,1.05,60,10.8,238.0952381,MAHARASHTRA,2025,1014070,238.0952381
2/1/2025,2/15/2025,122276,1,Delivered,Streets Shopping,Goa,11.9047619,Goa,5,250,0,0,0,1.05,49.52380952,8.914285714,227.6190476,GOA,2025,1014070,227.6190476
2/1/2025,2/14/2025,121918,1,Delivered,Streets Shopping,Chhattisgarh,11.80952381,Chhattisgarh,5,248,0,0,0,1.05,60,10.8,236.1904762,CHHATTISGARH,2025,1014070,236.1904762
2/1/2025,2/17/2025,123063,1,Delivered,Streets Shopping,Chhattisgarh,17.76190476,Chhattisgarh,5,373,0,0,0,1.05,49.52380952,8.914285714,344.7619048,CHHATTISGARH,2025,1014070,344.7619048
2/1/2025,2/19/2025,123722,1,Return,Streets Shopping,Uttar Pradesh,11.61904762,Uttar Pradesh,5,244,0,0,0,1.05,47.61904762,8.571428571,225.7142857,UTTAR PRADESH,2025,1014070,225.7142857
2/1/2025,2/4/2025,118416,1,Return,Streets Shopping,Delhi,11.76190476,Delhi,5,247,0,0,0,1.05,30.47619048,5.485714286,210.4761905,DELHI,2025,1014070,210.4761905
2/1/2025,2/16/2025,122745,1,Delivered,Streets Shopping,Odisha,16.33333333,Odisha,5,343,0,0,0,1.05,38.0952381,6.857142857,309.5238095,ODISHA,2025,1014070,309.5238095
null,10/24/2024,810449,1,Cancelled,Streets Shopping,Maharashtra,0,Maharashtra,5,0,0,0,0,0,-15.23809524,-2.742857143,0,MAHARASHTRA,2025,1014070,0
2/1/2025,2/12/2025,121115,1,rto,Streets Shopping,Bihar,11.42857143,Bihar,5,240,0,0,0,1.05,55.23809524,9.942857143,228.5714286,BIHAR,2025,1014070,228.5714286
2/1/2025,2/23/2025,125106,1,Delivered,Streets Shopping,Madhya Pradesh,36.85714286,Madhya Pradesh,12,344,0,0,0,1.12,51.78571429,9.321428571,307.1428571,MADHYA PRADESH,2025,1014070,307.1428571
2/1/2025,2/18/2025,123466,1,Delivered,Streets Shopping,Karnataka,12.04761905,Karnataka,5,253,0,0,0,1.05,52.38095238,9.428571429,230.4761905,KARNATAKA,2025,1014070,230.4761905
null,10/19/2024,791548,1,Cancelled,Streets Shopping,Karnataka,0,Karnataka,5,0,0,0,0,0,-15.23809524,-2.742857143,0,KARNATAKA,2025,1014070,0
2/1/2025,2/12/2025,121111,1,Delivered,Streets Shopping,Maharashtra,23.57142857,Maharashtra,5,495,0,0,0,1.05,77.14285714,13.88571429,471.4285714,MAHARASHTRA,2025,1014070,471.4285714
3/1/2025,2/28/2025,127086,1,Shipped,Streets Shopping,Delhi,19.42857143,Delhi,5,408,0,0,0,1.05,59.04761905,10.62857143,372.3809524,DELHI,2025,1014070,372.3809524
2/1/2025,2/15/2025,122251,1,Return,Streets Shopping,Rajasthan,11.9047619,Rajasthan,5,250,0,0,0,1.05,42.85714286,7.714285714,220.952381,RAJASTHAN,2025,1014070,220.952381
2/1/2025,2/26/2025,126190,1,Return,Streets Shopping,Uttar Pradesh,12,Uttar Pradesh,5,252,0,0,0,1.05,45.71428571,8.228571429,230.4761905,UTTAR PRADESH,2025,1014070,230.4761905
2/1/2025,2/4/2025,118359,1,Delivered,Streets Shopping,Uttar Pradesh,23.57142857,Uttar Pradesh,5,495,0,0,0,1.05,43.80952381,7.885714286,438.0952381,UTTAR PRADESH,2025,1014070,438.0952381
2/1/2025,2/20/2025,124157,1,Delivered,Streets Shopping,Tamil Nadu,23.61904762,Tamil Nadu,5,496,0,0,0,1.05,78.0952381,14.05714286,472.3809524,TAMIL NADU,2025,1014070,472.3809524
2/1/2025,2/2/2025,117627,1,Delivered,Streets Shopping,Kerala,10.9047619,Kerala,5,229,0,0,0,1.05,61.9047619,11.14285714,218.0952381,KERALA,2025,1014070,218.0952381
2/1/2025,2/2/2025,117485,1,rto,Streets Shopping,Madhya Pradesh,17.76190476,Madhya Pradesh,5,373,0,0,0,1.05,55.23809524,9.942857143,355.2380952,MADHYA PRADESH,2025,1014070,355.2380952
null,9/21/2024,691002,1,Cancelled,Streets Shopping,Rajasthan,0,Rajasthan,5,0,0,0,0,0,-6.666666667,-1.2,0,RAJASTHAN,2025,1014070,0
2/1/2025,2/26/2025,126209,1,Shipped,Streets Shopping,Rajasthan,36.85714286,Rajasthan,12,344,0,0,0,1.12,46.42857143,8.357142857,301.7857143,RAJASTHAN,2025,1014070,301.7857143
2/1/2025,2/7/2025,119291,1,Return,Streets Shopping,Uttar Pradesh,12.85714286,Uttar Pradesh,5,270,0,0,0,1.05,54.28571429,9.771428571,251.4285714,UTTAR PRADESH,2025,1014070,251.4285714
2/1/2025,2/7/2025,119382,1,Delivered,Streets Shopping,Haryana,11.57142857,Haryana,5,243,0,0,0,1.05,33.33333333,6,210.4761905,HARYANA,2025,1014070,210.4761905
2/1/2025,2/10/2025,120360,1,Return,Streets Shopping,Uttar Pradesh,12.38095238,Uttar Pradesh,5,260,0,0,0,1.05,46.66666667,8.4,239.047619,UTTAR PRADESH,2025,1014070,239.047619
3/1/2025,2/28/2025,126944,1,Shipped,Streets Shopping,Gujarat,33.75,Gujarat,12,315,0,0,0,1.12,35.71428571,6.428571429,265.1785714,GUJARAT,2025,1014070,265.1785714
2/1/2025,2/14/2025,121921,1,Delivered,Streets Shopping,Jharkhand,10.57142857,Jharkhand,5,222,0,0,0,1.05,55.23809524,9.942857143,211.4285714,JHARKHAND,2025,1014070,211.4285714
2/1/2025,2/7/2025,119308,1,rto,Streets Shopping,Maharashtra,13,Maharashtra,5,273,0,0,0,1.05,62.85714286,11.31428571,260,MAHARASHTRA,2025,1014070,260
2/1/2025,2/12/2025,121193,1,Delivered,Streets Shopping,Telangana,11.9047619,Telangana,5,250,0,0,0,1.05,44.76190476,8.057142857,222.8571429,TELANGANA,2025,1014070,222.8571429
2/1/2025,2/1/2025,117308,1,Delivered,Streets Shopping,Madhya Pradesh,15,Madhya Pradesh,5,315,0,0,0,1.05,55.23809524,9.942857143,300,MADHYA PRADESH,2025,1014070,300
2/1/2025,2/21/2025,124520,1,Return,Streets Shopping,Haryana,11.80952381,Haryana,5,248,0,0,0,1.05,33.33333333,6,211.4285714,HARYANA,2025,1014070,211.4285714
null,2/11/2025,120840,1,Cancelled,Streets Shopping,Odisha,11.42857143,Odisha,5,240,0,0,0,1.05,55.23809524,9.942857143,228.5714286,ODISHA,2025,1014070,228.5714286
2/1/2025,2/4/2025,118367,1,Delivered,Streets Shopping,Maharashtra,10.66666667,Maharashtra,5,224,0,0,0,1.05,55.23809524,9.942857143,213.3333333,MAHARASHTRA,2025,1014070,213.3333333
2/1/2025,2/10/2025,120387,1,Delivered,Streets Shopping,Andhra Pradesh,15,Andhra Pradesh,5,315,0,0,0,1.05,55.23809524,9.942857143,300,ANDHRA PRADESH,2025,1014070,300
null,9/4/2024,627952,1,Cancelled,Streets Shopping,Rajasthan,0,Rajasthan,5,0,0,0,0,0,-23.80952381,-4.285714286,0,RAJASTHAN,2025,1014070,0
null,2/22/2025,124743,1,Cancelled,Streets Shopping,Jharkhand,11.71428571,Jharkhand,5,246,0,0,0,1.05,58.0952381,10.45714286,234.2857143,JHARKHAND,2025,1014070,234.2857143
2/1/2025,2/11/2025,120696,1,Delivered,Streets Shopping,Tamil Nadu,17.85714286,Tamil Nadu,5,375,0,0,0,1.05,38.0952381,6.857142857,340,TAMIL NADU,2025,1014070,340
2/1/2025,2/5/2025,118774,1,rto,Streets Shopping,Maharashtra,11.85714286,Maharashtra,5,249,0,0,0,1.05,57.14285714,10.28571429,237.1428571,MAHARASHTRA,2025,1014070,237.1428571
2/1/2025,2/11/2025,120894,1,Return,Streets Shopping,Madhya Pradesh,11.42857143,Madhya Pradesh,5,240,0,0,0,1.05,55.23809524,9.942857143,228.5714286,MADHYA PRADESH,2025,1014070,228.5714286
null,11/2/2024,840556,1,Cancelled,Streets Shopping,Haryana,0,Haryana,5,0,0,0,0,0,-28.57142857,-5.142857143,0,HARYANA,2025,1014070,0
2/1/2025,2/12/2025,121240,1,Delivered,Streets Shopping,Uttar Pradesh,11.9047619,Uttar Pradesh,5,250,0,0,0,1.05,42.85714286,7.714285714,220.952381,UTTAR PRADESH,2025,1014070,220.952381
2/1/2025,2/18/2025,123455,1,Delivered,Streets Shopping,Maharashtra,18.80952381,Maharashtra,5,395,0,0,0,1.05,62.85714286,11.31428571,376.1904762,MAHARASHTRA,2025,1014070,376.1904762
2/1/2025,2/9/2025,120056,1,Delivered,Streets Shopping,Tamil Nadu,17.42857143,Tamil Nadu,5,366,0,0,0,1.05,63.80952381,11.48571429,348.5714286,TAMIL NADU,2025,1014070,348.5714286
2/1/2025,2/24/2025,125488,1,Delivered,Streets Shopping,West Bengal,11.9047619,West Bengal,5,250,0,0,0,1.05,60,10.8,238.0952381,WEST BENGAL,2025,1014070,238.0952381
2/1/2025,2/4/2025,118237,1,Return,Streets Shopping,Chhattisgarh,11.66666667,Chhattisgarh,5,245,0,0,0,1.05,38.0952381,6.857142857,216.1904762,CHHATTISGARH,2025,1014070,216.1904762
2/1/2025,2/26/2025,126039,1,Shipped,Streets Shopping,Madhya Pradesh,11.80952381,Madhya Pradesh,5,248,0,0,0,1.05,58.0952381,10.45714286,236.1904762,MADHYA PRADESH,2025,1014070,236.1904762
2/1/2025,2/17/2025,123034,1,Delivered,Streets Shopping,West Bengal,12.85714286,West Bengal,5,270,0,0,0,1.05,40.95238095,7.371428571,240.952381,WEST BENGAL,2025,1014070,240.952381
2/1/2025,2/16/2025,122584,1,rto,Streets Shopping,Bihar,14.28571429,Bihar,5,300,0,0,0,1.05,64.76190476,11.65714286,285.7142857,BIHAR,2025,1014070,285.7142857
2/1/2025,2/12/2025,121300,1,Return,Streets Shopping,Maharashtra,18.66666667,Maharashtra,5,392,0,0,0,1.05,49.52380952,8.914285714,362.8571429,MAHARASHTRA,2025,1014070,362.8571429
null,10/21/2024,799746,1,Cancelled,Streets Shopping,Tamil Nadu,0,Tamil Nadu,5,0,0,0,0,0,-15.23809524,-2.742857143,0,TAMIL NADU,2025,1014070,0
null,10/21/2024,798882,1,Cancelled,Streets Shopping,Maharashtra,0,Maharashtra,5,0,0,0,0,0,-17.14285714,-3.085714286,0,MAHARASHTRA,2025,1014070,0
null,9/21/2024,690654,1,Cancelled,Streets Shopping,Rajasthan,0,Rajasthan,5,0,0,0,0,0,-11.42857143,-2.057142857,0,RAJASTHAN,2025,1014070,0
2/1/2025,2/16/2025,122655,1,Return,Streets Shopping,Karnataka,15.0952381,Karnataka,5,317,0,0,0,1.05,57.14285714,10.28571429,301.9047619,KARNATAKA,2025,1014070,301.9047619
2/1/2025,2/3/2025,118020,1,Delivered,Streets Shopping,Odisha,15,Odisha,5,315,0,0,0,1.05,55.23809524,9.942857143,300,ODISHA,2025,1014070,300
null,9/3/2024,622893,1,Cancelled,Streets Shopping,Maharashtra,0,Maharashtra,5,0,0,0,0,0,-1.904761905,-0.342857143,0,MAHARASHTRA,2025,1014070,0
2/1/2025,2/17/2025,123046,1,Shipped,Streets Shopping,Gujarat,11.66666667,Gujarat,5,245,0,0,0,1.05,55.23809524,9.942857143,233.3333333,JAMMU AND KASHMIR,2025,1014070,233.3333333
null,10/30/2024,830089,1,Ordered,Streets Shopping,Uttar Pradesh,0,Uttar Pradesh,5,0,0,0,0,0,-17.14285714,-3.085714286,0,UTTAR PRADESH,2025,1014070,0
2/1/2025,2/17/2025,122943,1,Delivered,Streets Shopping,Odisha,16.38095238,Odisha,5,344,0,0,0,1.05,55.23809524,9.942857143,327.6190476,ODISHA,2025,1014070,327.6190476
2/1/2025,2/5/2025,118765,1,Exchange,Streets Shopping,Rajasthan,11.33333333,Rajasthan,5,238,0,0,0,1.05,34.28571429,6.171428571,205.7142857,RAJASTHAN,2025,1014070,205.7142857
2/1/2025,2/18/2025,123268,1,Return,Streets Shopping,Madhya Pradesh,11.9047619,Madhya Pradesh,5,250,0,0,0,1.05,60,10.8,238.0952381,MADHYA PRADESH,2025,1014070,238.0952381
2/1/2025,2/8/2025,119703,1,Delivered,Streets Shopping,Maharashtra,23.71428571,Maharashtra,5,498,0,0,0,1.05,77.14285714,13.88571429,471.4285714,MAHARASHTRA,2025,1014070,471.4285714
null,10/5/2024,741641,1,Cancelled,Streets Shopping,Delhi,0,Delhi,5,0,0,0,0,0,-17.14285714,-3.085714286,0,DELHI,2025,1014070,0
2/1/2025,2/3/2025,117894,1,Return,Streets Shopping,Rajasthan,11.76190476,Rajasthan,5,247,0,0,0,1.05,45.71428571,8.228571429,225.7142857,GUJARAT,2025,1014070,225.7142857
null,2/20/2025,124205,1,Cancelled,Streets Shopping,Karnataka,11.9047619,Karnataka,5,250,0,0,0,1.05,43.80952381,7.885714286,221.9047619,KARNATAKA,2025,1014070,221.9047619
null,2/2/2025,117476,1,Cancelled,Streets Shopping,Madhya Pradesh,10.28571429,Madhya Pradesh,5,216,0,0,0,1.05,55.23809524,9.942857143,205.7142857,MADHYA PRADESH,2025,1014070,205.7142857
null,9/9/2024,646214,1,Cancelled,Streets Shopping,Rajasthan,0,Rajasthan,5,0,0,0,0,0,-8.571428571,-1.542857143,0,RAJASTHAN,2025,1014070,0
2/1/2025,2/21/2025,124435,1,Delivered,Streets Shopping,Chhattisgarh,11.71428571,Chhattisgarh,5,246,0,0,0,1.05,58.0952381,10.45714286,234.2857143,CHHATTISGARH,2025,1014070,234.2857143
2/1/2025,2/2/2025,117345,1,Exchange,Streets Shopping,Uttar Pradesh,10.47619048,Uttar Pradesh,5,220,0,0,0,1.05,34.28571429,6.171428571,188.5714286,UTTAR PRADESH,2025,1014070,188.5714286
null,11/19/2024,903266,1,Cancelled,Streets Shopping,Kerala,0,Kerala,5,0,0,0,0,0,-17.14285714,-3.085714286,0,KERALA,2025,1014070,0
2/1/2025,2/2/2025,117505,1,Delivered,Streets Shopping,Jharkhand,11.0952381,Jharkhand,5,233,0,0,0,1.05,38.0952381,6.857142857,204.7619048,JHARKHAND,2025,1014070,204.7619048
2/1/2025,2/3/2025,117951,1,Delivered,Streets Shopping,Haryana,11.42857143,Haryana,5,240,0,0,0,1.05,33.33333333,6,206.6666667,HARYANA,2025,1014070,206.6666667
2/1/2025,2/6/2025,119019,1,Delivered,Streets Shopping,Delhi,11.76190476,Delhi,5,247,0,0,0,1.05,44.76190476,8.057142857,224.7619048,DELHI,2025,1014070,224.7619048
2/1/2025,2/11/2025,120899,1,Delivered,Streets Shopping,Maharashtra,12.38095238,Maharashtra,5,260,0,0,0,1.05,55.23809524,9.942857143,247.6190476,MAHARASHTRA,2025,1014070,247.6190476
2/1/2025,2/10/2025,120508,1,Delivered,Streets Shopping,Maharashtra,11.76190476,Maharashtra,5,247,0,0,0,1.05,38.0952381,6.857142857,218.0952381,MAHARASHTRA,2025,1014070,218.0952381
null,9/15/2024,667837,1,Cancelled,Streets Shopping,Chhattisgarh,0,Chhattisgarh,5,0,0,0,0,0,-8.571428571,-1.542857143,0,CHHATTISGARH,2025,1014070,0
2/1/2025,2/16/2025,122677,1,rto,Streets Shopping,Gujarat,11.9047619,Gujarat,5,250,0,0,0,1.05,60,10.8,238.0952381,GUJARAT,2025,1014070,238.0952381
null,2/16/2025,122685,1,Cancelled,Streets Shopping,Maharashtra,11.9047619,Maharashtra,5,250,0,0,0,1.05,60,10.8,238.0952381,MAHARASHTRA,2025,1014070,238.0952381
null,10/22/2024,803540,1,Cancelled,Streets Shopping,Uttar Pradesh,0,Uttar Pradesh,5,0,0,0,0,0,-8.571428571,-1.542857143,0,UTTAR PRADESH,2025,1014070,0
2/1/2025,2/14/2025,121926,1,Delivered,Streets Shopping,Chhattisgarh,23.57142857,Chhattisgarh,5,495,0,0,0,1.05,77.14285714,13.88571429,471.4285714,CHHATTISGARH,2025,1014070,471.4285714
2/1/2025,2/8/2025,119737,1,rto,Streets Shopping,Tamil Nadu,16.38095238,Tamil Nadu,5,344,0,0,0,1.05,55.23809524,9.942857143,327.6190476,TAMIL NADU,2025,1014070,327.6190476
null,2/7/2025,119311,1,Cancelled,Streets Shopping,Assam,17,Assam,5,357,0,0,0,1.05,67.61904762,12.17142857,340,KARNATAKA,2025,1014070,340
2/1/2025,2/22/2025,124715,1,Delivered,Streets Shopping,West Bengal,18.47619048,West Bengal,5,388,0,0,0,1.05,37.14285714,6.685714286,350.4761905,WEST BENGAL,2025,1014070,350.4761905
2/1/2025,2/19/2025,123816,1,Delivered,Streets Shopping,Karnataka,11.76190476,Karnataka,5,247,0,0,0,1.05,40.95238095,7.371428571,219.047619,ODISHA,2025,1014070,219.047619
2/1/2025,2/7/2025,119316,1,Delivered,Streets Shopping,Assam,17,Assam,5,357,0,0,0,1.05,67.61904762,12.17142857,340,KARNATAKA,2025,1014070,340
null,10/27/2024,820534,1,Cancelled,Streets Shopping,Maharashtra,0,Maharashtra,5,0,0,0,0,0,-0.952380952,-0.171428571,0,MAHARASHTRA,2025,1014070,0
null,10/3/2024,732426,1,Cancelled,Streets Shopping,Punjab,0,Punjab,5,0,0,0,0,0,-10.47619048,-1.885714286,0,PUNJAB,2025,1014070,0
null,9/17/2024,675023,1,Cancelled,Streets Shopping,Andhra Pradesh,0,Andhra Pradesh,5,0,0,0,0,0,-18.0952381,-3.257142857,0,ANDHRA PRADESH,2025,1014070,0
2/1/2025,2/1/2025,117215,1,Delivered,Streets Shopping,Bihar,11.42857143,Bihar,5,240,0,0,0,1.05,55.23809524,9.942857143,228.5714286,BIHAR,2025,1014070,228.5714286
2/1/2025,2/1/2025,117279,1,rto,Streets Shopping,Maharashtra,11.76190476,Maharashtra,5,247,0,0,0,1.05,55.23809524,9.942857143,235.2380952,MAHARASHTRA,2025,1014070,235.2380952
2/1/2025,2/18/2025,123146,1,rto,Streets Shopping,Maharashtra,11.80952381,Maharashtra,5,248,0,0,0,1.05,49.52380952,8.914285714,225.7142857,MAHARASHTRA,2025,1014070,225.7142857
null,2/16/2025,122531,1,Cancelled,Streets Shopping,Tamil Nadu,18.80952381,Tamil Nadu,5,395,0,0,0,1.05,66.66666667,12,376.1904762,TAMIL NADU,2025,1014070,376.1904762
2/1/2025,2/22/2025,124764,1,Delivered,Streets Shopping,Jharkhand,11.71428571,Jharkhand,5,246,0,0,0,1.05,58.0952381,10.45714286,234.2857143,JHARKHAND,2025,1014070,234.2857143
2/1/2025,2/26/2025,126268,1,Shipped,Streets Shopping,Tripura,38.57142857,Tripura,12,360,0,0,0,1.12,66.96428571,12.05357143,321.4285714,TRIPURA,2025,1014070,321.4285714
3/1/2025,2/28/2025,126971,1,Shipped,Streets Shopping,Assam,19.52380952,Assam,5,410,0,0,0,1.05,77.14285714,13.88571429,390.4761905,ASSAM,2025,1014070,390.4761905
null,9/4/2024,628314,1,Cancelled,Streets Shopping,Delhi,0,Delhi,5,0,0,0,0,0,-17.14285714,-3.085714286,0,DELHI,2025,1014070,0
null,10/14/2024,774196,1,Cancelled,Streets Shopping,Chandigarh,0,Chandigarh,5,0,0,0,0,0,-23.80952381,-4.285714286,0,UTTAR PRADESH,2025,1014070,0
2/1/2025,2/2/2025,117688,1,Return,Streets Shopping,Karnataka,10.9047619,Karnataka,5,229,0,0,0,1.05,40.95238095,7.371428571,201.9047619,KARNATAKA,2025,1014070,201.9047619
2/1/2025,2/18/2025,123303,1,Delivered,Streets Shopping,Bihar,23.61904762,Bihar,5,496,0,0,0,1.05,78.0952381,14.05714286,472.3809524,BIHAR,2025,1014070,472.3809524
null,9/28/2024,716114,1,Cancelled,Streets Shopping,West Bengal,0,West Bengal,5,0,0,0,0,0,-18.0952381,-3.257142857,0,TELANGANA,2025,1014070,0
2/1/2025,2/16/2025,122643,1,Delivered,Streets Shopping,Odisha,11.42857143,Odisha,5,240,0,0,0,1.05,55.23809524,9.942857143,228.5714286,ODISHA,2025,1014070,228.5714286
2/1/2025,2/17/2025,123015,1,Delivered,Streets Shopping,Maharashtra,11.42857143,Maharashtra,5,240,0,0,0,1.05,55.23809524,9.942857143,228.5714286,MAHARASHTRA,2025,1014070,228.5714286
null,11/23/2024,918055,1,Cancelled,Streets Shopping,Rajasthan,0,Rajasthan,5,0,0,0,0,0,-23.80952381,-4.285714286,0,RAJASTHAN,2025,1014070,0
2/1/2025,2/25/2025,125921,1,Exchange,Streets Shopping,Uttar Pradesh,10.42857143,Uttar Pradesh,5,219,0,0,0,1.05,30.47619048,5.485714286,183.8095238,UTTAR PRADESH,2025,1014070,183.8095238
2/1/2025,2/7/2025,119339,1,Delivered,Streets Shopping,Delhi,11.61904762,Delhi,5,244,0,0,0,1.05,32.38095238,5.828571429,210.4761905,UTTAR PRADESH,2025,1014070,210.4761905
null,10/16/2024,780234,1,Cancelled,Streets Shopping,Madhya Pradesh,0,Madhya Pradesh,5,0,0,0,0,0,-17.14285714,-3.085714286,0,CHHATTISGARH,2025,1014070,0
2/1/2025,2/8/2025,119646,1,Delivered,Streets Shopping,Bihar,12.38095238,Bihar,5,260,0,0,0,1.05,55.23809524,9.942857143,247.6190476,BIHAR,2025,1014070,247.6190476
null,2/18/2025,123152,1,Cancelled,Streets Shopping,Maharashtra,18.80952381,Maharashtra,5,395,0,0,0,1.05,62.85714286,11.31428571,376.1904762,MAHARASHTRA,2025,1014070,376.1904762
null,11/15/2024,889663,1,Cancelled,Streets Shopping,Jharkhand,0,Jharkhand,5,0,0,0,0,0,-17.14285714,-3.085714286,0,JHARKHAND,2025,1014070,0
2/1/2025,2/12/2025,121302,1,Return,Streets Shopping,Madhya Pradesh,11.76190476,Madhya Pradesh,5,247,0,0,0,1.05,38.0952381,6.857142857,216.1904762,MADHYA PRADESH,2025,1014070,216.1904762
null,9/6/2024,636858,1,Cancelled,Streets Shopping,West Bengal,0,West Bengal,5,0,0,0,0,0,-8.571428571,-1.542857143,0,WEST BENGAL,2025,1014070,0
null,10/4/2024,736304,1,Cancelled,Streets Shopping,Karnataka,0,Karnataka,5,0,0,0,0,0,-14.28571429,-2.571428571,0,KARNATAKA,2025,1014070,0
2/1/2025,2/11/2025,120909,1,Delivered,Streets Shopping,Uttarakhand,11.9047619,Uttarakhand,5,250,0,0,0,1.05,42.85714286,7.714285714,220.952381,UTTARAKHAND,2025,1014070,220.952381
2/1/2025,2/27/2025,126606,1,Shipped,Streets Shopping,Haryana,15.42857143,Haryana,5,324,0,0,0,1.05,61.9047619,11.14285714,308.5714286,HARYANA,2025,1014070,308.5714286
null,10/23/2024,804950,1,Cancelled,Streets Shopping,West Bengal,0,West Bengal,5,0,0,0,0,0,-15.23809524,-2.742857143,0,WEST BENGAL,2025,1014070,0
2/1/2025,2/16/2025,122690,1,Return,Streets Shopping,Madhya Pradesh,11.9047619,Madhya Pradesh,5,250,0,0,0,1.05,49.52380952,8.914285714,227.6190476,MADHYA PRADESH,2025,1014070,227.6190476
null,9/3/2024,624922,1,Cancelled,Streets Shopping,Delhi,0,Delhi,5,0,0,0,0,0,-17.14285714,-3.085714286,0,DELHI,2025,1014070,0
2/1/2025,2/5/2025,118535,1,Exchange,Streets Shopping,Odisha,11.66666667,Odisha,5,245,0,0,0,1.05,38.0952381,6.857142857,216.1904762,ODISHA,2025,1014070,216.1904762
null,11/1/2024,838863,1,Cancelled,Streets Shopping,Chhattisgarh,0,Chhattisgarh,5,0,0,0,0,0,-17.14285714,-3.085714286,0,CHHATTISGARH,2025,1014070,0
2/1/2025,2/14/2025,121938,1,Delivered,Streets Shopping,West Bengal,11.80952381,West Bengal,5,248,0,0,0,1.05,60,10.8,236.1904762,WEST BENGAL,2025,1014070,236.1904762
2/1/2025,2/5/2025,118428,1,Delivered,Streets Shopping,Madhya Pradesh,11.66666667,Madhya Pradesh,5,245,0,0,0,1.05,38.0952381,6.857142857,216.1904762,MADHYA PRADESH,2025,1014070,216.1904762
2/1/2025,2/2/2025,117504,1,Delivered,Streets Shopping,Karnataka,17.28571429,Karnataka,5,363,0,0,0,1.05,63.80952381,11.48571429,345.7142857,KARNATAKA,2025,1014070,345.7142857
null,2/12/2025,121144,1,Cancelled,Streets Shopping,Haryana,13.71428571,Haryana,5,288,0,0,0,1.05,45.71428571,8.228571429,265.7142857,HARYANA,2025,1014070,265.7142857
2/1/2025,2/20/2025,124075,1,Delivered,Streets Shopping,Chhattisgarh,11.42857143,Chhattisgarh,5,240,0,0,0,1.05,55.23809524,9.942857143,228.5714286,CHHATTISGARH,2025,1014070,228.5714286
2/1/2025,2/3/2025,118006,1,Delivered,Streets Shopping,Uttar Pradesh,12,Uttar Pradesh,5,252,0,0,0,1.05,45.71428571,8.228571429,230.4761905,UTTAR PRADESH,2025,1014070,230.4761905
2/1/2025,2/19/2025,123692,1,Delivered,Streets Shopping,Maharashtra,11.42857143,Maharashtra,5,240,0,0,0,1.05,55.23809524,9.942857143,228.5714286,MAHARASHTRA,2025,1014070,228.5714286
2/1/2025,2/15/2025,122255,1,Delivered,Streets Shopping,Tripura,15,Tripura,5,315,0,0,0,1.05,55.23809524,9.942857143,300,TRIPURA,2025,1014070,300
null,10/25/2024,813980,1,Cancelled,Streets Shopping,Uttar Pradesh,0,Uttar Pradesh,5,0,0,0,0,0,-8.571428571,-1.542857143,0,UTTAR PRADESH,2025,1014070,0
null,2/22/2025,124785,1,Cancelled,Streets Shopping,Bihar,11.80952381,Bihar,5,248,0,0,0,1.05,58.0952381,10.45714286,236.1904762,BIHAR,2025,1014070,236.1904762
2/1/2025,2/5/2025,118598,1,Return,Streets Shopping,Maharashtra,11.85714286,Maharashtra,5,249,0,0,0,1.05,40.95238095,7.371428571,220.952381,MAHARASHTRA,2025,1014070,220.952381
null,11/18/2024,900643,1,Cancelled,Streets Shopping,Uttar Pradesh,0,Uttar Pradesh,5,0,0,0,0,0,-8.571428571,-1.542857143,0,UTTAR PRADESH,2025,1014070,0
2/1/2025,2/21/2025,124499,1,Shipped,Streets Shopping,Bihar,12.38095238,Bihar,5,260,0,0,0,1.05,55.23809524,9.942857143,247.6190476,BIHAR,2025,1014070,247.6190476
2/1/2025,2/10/2025,120362,1,rto,Streets Shopping,Rajasthan,10.66666667,Rajasthan,5,224,0,0,0,1.05,46.66666667,8.4,204.7619048,RAJASTHAN,2025,1014070,204.7619048
2/1/2025,2/27/2025,126748,1,Shipped,Streets Shopping,Maharashtra,37.07142857,Maharashtra,12,346,0,0,0,1.12,53.57142857,9.642857143,308.9285714,MAHARASHTRA,2025,1014070,308.9285714
2/1/2025,2/11/2025,120933,1,Delivered,Streets Shopping,Tamil Nadu,11.61904762,Tamil Nadu,5,244,0,0,0,1.05,57.14285714,10.28571429,232.3809524,TAMIL NADU,2025,1014070,232.3809524
null,9/3/2024,624259,1,Cancelled,Streets Shopping,Rajasthan,0,Rajasthan,5,0,0,0,0,0,-23.80952381,-4.285714286,0,RAJASTHAN,2025,1014070,0
2/1/2025,2/11/2025,120764,1,Delivered,Streets Shopping,West Bengal,12.04761905,West Bengal,5,253,0,0,0,1.05,52.38095238,9.428571429,230.4761905,WEST BENGAL,2025,1014070,230.4761905
2/1/2025,2/2/2025,117601,1,Cancelled,Streets Shopping,Bihar,16.38095238,Bihar,5,344,0,0,0,1.05,55.23809524,9.942857143,327.6190476,BIHAR,2025,1014070,327.6190476
null,2/20/2025,123929,1,Cancelled,Streets Shopping,Uttar Pradesh,11.80952381,Uttar Pradesh,5,248,0,0,0,1.05,51.42857143,9.257142857,229.5238095,UTTAR PRADESH,2025,1014070,229.5238095
2/1/2025,2/25/2025,125996,1,Shipped,Streets Shopping,Gujarat,11.66666667,Gujarat,5,245,0,0,0,1.05,55.23809524,9.942857143,233.3333333,GUJARAT,2025,1014070,233.3333333
2/1/2025,2/25/2025,125691,1,Delivered,Streets Shopping,Punjab,11.66666667,Punjab,5,245,0,0,0,1.05,31.42857143,5.657142857,209.5238095,PUNJAB,2025,1014070,209.5238095
2/1/2025,2/8/2025,119660,1,Delivered,Streets Shopping,West Bengal,11.80952381,West Bengal,5,248,0,0,0,1.05,60,10.8,236.1904762,WEST BENGAL,2025,1014070,236.1904762
null,11/2/2024,841542,1,Cancelled,Streets Shopping,Uttar Pradesh,0,Uttar Pradesh,5,0,0,0,0,0,-11.42857143,-2.057142857,0,UTTAR PRADESH,2025,1014070,0
2/1/2025,2/16/2025,122646,1,Delivered,Streets Shopping,Maharashtra,15,Maharashtra,5,315,0,0,0,1.05,55.23809524,9.942857143,300,MAHARASHTRA,2025,1014070,300
2/1/2025,2/16/2025,122408,1,Return,Streets Shopping,Karnataka,11.66666667,Karnataka,5,245,0,0,0,1.05,55.23809524,9.942857143,233.3333333,KARNATAKA,2025,1014070,233.3333333
null,10/9/2024,756147,1,Cancelled,Streets Shopping,Karnataka,0,Karnataka,5,0,0,0,0,0,-5.714285714,-1.028571429,0,KARNATAKA,2025,1014070,0
2/1/2025,2/16/2025,122600,1,Delivered,Streets Shopping,Madhya Pradesh,11.9047619,Madhya Pradesh,5,250,0,0,0,1.05,60,10.8,238.0952381,MADHYA PRADESH,2025,1014070,238.0952381
2/1/2025,2/12/2025,121102,1,Delivered,Streets Shopping,Uttar Pradesh,11.61904762,Uttar Pradesh,5,244,0,0,0,1.05,30.47619048,5.485714286,207.6190476,UTTAR PRADESH,2025,1014070,207.6190476
2/1/2025,2/15/2025,122156,1,Delivered,Streets Shopping,Chhattisgarh,11.80952381,Chhattisgarh,5,248,0,0,0,1.05,60,10.8,236.1904762,CHHATTISGARH,2025,1014070,236.1904762
2/1/2025,2/27/2025,126747,1,Shipped,Streets Shopping,West Bengal,11.9047619,West Bengal,5,250,0,0,0,1.05,43.80952381,7.885714286,221.9047619,WEST BENGAL,2025,1014070,221.9047619
2/1/2025,2/25/2025,125794,1,Shipped,Streets Shopping,Karnataka,23.61904762,Karnataka,5,496,0,0,0,1.05,51.42857143,9.257142857,445.7142857,KARNATAKA,2025,1014070,445.7142857
2/1/2025,2/21/2025,124445,1,Delivered,Streets Shopping,Chhattisgarh,11.66666667,Chhattisgarh,5,245,0,0,0,1.05,55.23809524,9.942857143,233.3333333,CHHATTISGARH,2025,1014070,233.3333333
null,9/26/2024,708980,1,Cancelled,Streets Shopping,Maharashtra,0,Maharashtra,5,0,0,0,0,0,-14.28571429,-2.571428571,0,MAHARASHTRA,2025,1014070,0
2/1/2025,2/14/2025,122023,1,Delivered,Streets Shopping,Odisha,12.38095238,Odisha,5,260,0,0,0,1.05,55.23809524,9.942857143,247.6190476,ODISHA,2025,1014070,247.6190476
2/1/2025,2/11/2025,120809,1,Delivered,Streets Shopping,Rajasthan,11.9047619,Rajasthan,5,250,0,0,0,1.05,49.52380952,8.914285714,227.6190476,RAJASTHAN,2025,1014070,227.6190476
2/1/2025,2/17/2025,122940,1,Return,Streets Shopping,West Bengal,12.04761905,West Bengal,5,253,0,0,0,1.05,52.38095238,9.428571429,230.4761905,WEST BENGAL,2025,1014070,230.4761905
2/1/2025,2/17/2025,122994,1,Delivered,Streets Shopping,Madhya Pradesh,11.9047619,Madhya Pradesh,5,250,0,0,0,1.05,49.52380952,8.914285714,227.6190476,MADHYA PRADESH,2025,1014070,227.6190476
null,9/3/2024,625106,1,Cancelled,Streets Shopping,Rajasthan,0,Rajasthan,5,0,0,0,0,0,-23.80952381,-4.285714286,0,RAJASTHAN,2025,1014070,0
2/1/2025,2/14/2025,121904,1,Delivered,Streets Shopping,Tripura,11.42857143,Tripura,5,240,0,0,0,1.05,55.23809524,9.942857143,228.5714286,TRIPURA,2025,1014070,228.5714286
2/1/2025,2/14/2025,121933,1,Return,Streets Shopping,Madhya Pradesh,11.42857143,Madhya Pradesh,5,240,0,0,0,1.05,55.23809524,9.942857143,228.5714286,MADHYA PRADESH,2025,1014070,228.5714286
2/1/2025,2/13/2025,121580,1,Exchange,Streets Shopping,Maharashtra,11.9047619,Maharashtra,5,250,0,0,0,1.05,60,10.8,238.0952381,MAHARASHTRA,2025,1014070,238.0952381
null,11/4/2024,849300,1,Cancelled,Streets Shopping,Maharashtra,0,Maharashtra,5,0,0,0,0,0,-17.14285714,-3.085714286,0,MAHARASHTRA,2025,1014070,0
2/1/2025,2/12/2025,121088,1,Return,Streets Shopping,Gujarat,12.04761905,Gujarat,5,253,0,0,0,1.05,51.42857143,9.257142857,229.5238095,GUJARAT,2025,1014070,229.5238095
2/1/2025,2/17/2025,122961,1,Delivered,Streets Shopping,Chhattisgarh,15,Chhattisgarh,5,315,0,0,0,1.05,55.23809524,9.942857143,300,CHHATTISGARH,2025,1014070,300
2/1/2025,2/5/2025,118744,1,Return,Streets Shopping,Madhya Pradesh,11.66666667,Madhya Pradesh,5,245,0,0,0,1.05,55.23809524,9.942857143,233.3333333,MADHYA PRADESH,2025,1014070,233.3333333
2/1/2025,2/2/2025,117568,1,Delivered,Streets Shopping,Maharashtra,10.57142857,Maharashtra,5,222,0,0,0,1.05,55.23809524,9.942857143,211.4285714,MAHARASHTRA,2025,1014070,211.4285714
2/1/2025,2/16/2025,122708,1,Return,Streets Shopping,Uttar Pradesh,11.42857143,Uttar Pradesh,5,240,0,0,0,1.05,46.66666667,8.4,220,UTTAR PRADESH,2025,1014070,220
2/1/2025,2/14/2025,121821,1,rto,Streets Shopping,Gujarat,23.57142857,Gujarat,5,495,0,0,0,1.05,77.14285714,13.88571429,471.4285714,GUJARAT,2025,1014070,471.4285714
null,11/13/2024,881099,1,Cancelled,Streets Shopping,Haryana,0,Haryana,5,0,0,0,0,0,-17.14285714,-3.085714286,0,HARYANA,2025,1014070,0
2/1/2025,2/24/2025,125519,1,Shipped,Streets Shopping,Maharashtra,10.04761905,Maharashtra,5,211,0,0,0,1.05,55.23809524,9.942857143,200.952381,MAHARASHTRA,2025,1014070,200.952381
null,10/25/2024,813984,1,Cancelled,Streets Shopping,Uttar Pradesh,0,Uttar Pradesh,5,0,0,0,0,0,-8.571428571,-1.542857143,0,UTTAR PRADESH,2025,1014070,0
2/1/2025,2/7/2025,119461,1,Delivered,Streets Shopping,Madhya Pradesh,16.28571429,Madhya Pradesh,5,342,0,0,0,1.05,53.33333333,9.6,325.7142857,MADHYA PRADESH,2025,1014070,325.7142857
null,9/11/2024,653133,1,Cancelled,Streets Shopping,Uttar Pradesh,0,Uttar Pradesh,5,0,0,0,0,0,-11.42857143,-2.057142857,0,UTTAR PRADESH,2025,1014070,0
2/1/2025,2/25/2025,125819,1,Delivered,Streets Shopping,Uttar Pradesh,13.95238095,Uttar Pradesh,5,293,0,0,0,1.05,55.23809524,9.942857143,276.1904762,UTTAR PRADESH,2025,1014070,276.1904762
2/1/2025,2/16/2025,122715,1,Delivered,Streets Shopping,Haryana,11.9047619,Haryana,5,250,0,0,0,1.05,45.71428571,8.228571429,223.8095238,HARYANA,2025,1014070,223.8095238
null,2/23/2025,125171,1,Cancelled,Streets Shopping,Gujarat,18.42857143,Gujarat,5,387,0,0,0,1.05,55.23809524,9.942857143,368.5714286,GUJARAT,2025,1014070,368.5714286
2/1/2025,2/5/2025,118678,1,Return,Streets Shopping,Karnataka,11.76190476,Karnataka,5,247,0,0,0,1.05,40.95238095,7.371428571,219.047619,KARNATAKA,2025,1014070,219.047619
2/1/2025,2/12/2025,121071,1,Delivered,Streets Shopping,Maharashtra,11.80952381,Maharashtra,5,248,0,0,0,1.05,60,10.8,236.1904762,MAHARASHTRA,2025,1014070,236.1904762
2/1/2025,2/16/2025,122629,1,rto,Streets Shopping,Gujarat,11.9047619,Gujarat,5,250,0,0,0,1.05,60,10.8,238.0952381,GUJARAT,2025,1014070,238.0952381
2/1/2025,2/27/2025,126592,1,Shipped,Streets Shopping,Maharashtra,10.66666667,Maharashtra,5,224,0,0,0,1.05,37.14285714,6.685714286,195.2380952,MAHARASHTRA,2025,1014070,195.2380952
null,11/8/2024,863016,1,Cancelled,Streets Shopping,Uttar Pradesh,0,Uttar Pradesh,5,0,0,0,0,0,-11.42857143,-2.057142857,0,UTTAR PRADESH,2025,1014070,0
2/1/2025,2/16/2025,122596,1,Delivered,Streets Shopping,Karnataka,12.38095238,Karnataka,5,260,0,0,0,1.05,55.23809524,9.942857143,247.6190476,KARNATAKA,2025,1014070,247.6190476
null,2/23/2025,125061,1,Cancelled,Streets Shopping,Odisha,13.71428571,Odisha,5,288,0,0,0,1.05,61.9047619,11.14285714,274.2857143,ODISHA,2025,1014070,274.2857143
2/1/2025,2/23/2025,125114,1,Delivered,Streets Shopping,Andhra Pradesh,40.17857143,Andhra Pradesh,12,375,0,0,0,1.12,51.78571429,9.321428571,334.8214286,ANDHRA PRADESH,2025,1014070,334.8214286
null,11/25/2024,925887,1,Cancelled,Streets Shopping,Maharashtra,0,Maharashtra,5,0,0,0,0,0,-15.23809524,-2.742857143,0,MAHARASHTRA,2025,1014070,0
2/1/2025,2/19/2025,123655,1,Exchange,Streets Shopping,Chhattisgarh,11.9047619,Chhattisgarh,5,250,0,0,0,1.05,49.52380952,8.914285714,227.6190476,CHHATTISGARH,2025,1014070,227.6190476
2/1/2025,2/18/2025,123142,1,Delivered,Streets Shopping,Uttar Pradesh,11.76190476,Uttar Pradesh,5,247,0,0,0,1.05,48.57142857,8.742857143,228.5714286,UTTAR PRADESH,2025,1014070,228.5714286
2/1/2025,2/19/2025,123596,1,Delivered,Streets Shopping,Chhattisgarh,17.14285714,Chhattisgarh,5,360,0,0,0,1.05,63.80952381,11.48571429,342.8571429,CHHATTISGARH,2025,1014070,342.8571429
2/1/2025,2/22/2025,124916,1,Return,Streets Shopping,Maharashtra,18.52380952,Maharashtra,5,389,0,0,0,1.05,41.9047619,7.542857143,355.2380952,MAHARASHTRA,2025,1014070,355.2380952
null,10/23/2024,803839,1,Cancelled,Streets Shopping,West Bengal,0,West Bengal,5,0,0,0,0,0,-15.23809524,-2.742857143,0,WEST BENGAL,2025,1014070,0
null,9/3/2024,625101,1,Cancelled,Streets Shopping,Rajasthan,0,Rajasthan,5,0,0,0,0,0,-23.80952381,-4.285714286,0,RAJASTHAN,2025,1014070,0
null,10/8/2024,751591,1,Cancelled,Streets Shopping,Uttar Pradesh,0,Uttar Pradesh,5,0,0,0,0,0,-8.571428571,-1.542857143,0,UTTAR PRADESH,2025,1014070,0
null,11/24/2024,922478,1,Cancelled,Streets Shopping,Maharashtra,0,Maharashtra,5,0,0,0,0,0,-21.9047619,-3.942857143,0,MAHARASHTRA,2025,1014070,0
2/1/2025,2/17/2025,123100,1,Delivered,Streets Shopping,Maharashtra,11.76190476,Maharashtra,5,247,0,0,0,1.05,40,7.2,218.0952381,MAHARASHTRA,2025,1014070,218.0952381
null,9/16/2024,672469,1,Cancelled,Streets Shopping,Uttar Pradesh,0,Uttar Pradesh,5,0,0,0,0,0,-6.666666667,-1.2,0,UTTAR PRADESH,2025,1014070,0
null,2/17/2025,122961,1,Cancelled,Streets Shopping,Rajasthan,17.76190476,Rajasthan,5,373,0,0,0,1.05,45.71428571,8.228571429,345.7142857,RAJASTHAN,2025,1014070,345.7142857
null,2/15/2025,122338,1,Cancelled,Streets Shopping,Maharashtra,12.04761905,Maharashtra,5,253,0,0,0,1.05,62.85714286,11.31428571,240.952381,MAHARASHTRA,2025,1014070,240.952381
null,9/5/2024,632210,1,Cancelled,Streets Shopping,Uttar Pradesh,0,Uttar Pradesh,5,0,0,0,0,0,-8.571428571,-1.542857143,0,UTTAR PRADESH,2025,1014070,0
2/1/2025,2/15/2025,122090,1,Return,Streets Shopping,Telangana,11.85714286,Telangana,5,249,0,0,0,1.05,40,7.2,220,WEST BENGAL,2025,1014070,220
null,10/13/2024,770789,1,Cancelled,Streets Shopping,Punjab,0,Punjab,5,0,0,0,0,0,-11.42857143,-2.057142857,0,PUNJAB,2025,1014070,0
null,11/20/2024,907094,1,Cancelled,Streets Shopping,Maharashtra,0,Maharashtra,5,0,0,0,0,0,-17.14285714,-3.085714286,0,MAHARASHTRA,2025,1014070,0
2/1/2025,2/3/2025,117947,1,Exchange,Streets Shopping,Goa,11.76190476,Goa,5,247,0,0,0,1.05,55.23809524,9.942857143,235.2380952,GOA,2025,1014070,235.2380952
2/1/2025,2/1/2025,117097,1,Delivered,Streets Shopping,West Bengal,11.85714286,West Bengal,5,249,0,0,0,1.05,57.14285714,10.28571429,237.1428571,WEST BENGAL,2025,1014070,237.1428571
null,2/15/2025,122289,1,Cancelled,Streets Shopping,Karnataka,11.80952381,Karnataka,5,248,0,0,0,1.05,60,10.8,236.1904762,KARNATAKA,2025,1014070,236.1904762
null,9/29/2024,718464,1,Cancelled,Streets Shopping,Karnataka,0,Karnataka,5,0,0,0,0,0,-17.14285714,-3.085714286,0,KARNATAKA,2025,1014070,0
null,10/29/2024,827324,1,Cancelled,Streets Shopping,Karnataka,0,Karnataka,5,0,0,0,0,0,-15.23809524,-2.742857143,0,KARNATAKA,2025,1014070,0
null,11/14/2024,886409,1,Cancelled,Streets Shopping,Uttarakhand,0,Uttarakhand,5,0,0,0,0,0,-10.47619048,-1.885714286,0,UTTARAKHAND,2025,1014070,0
2/1/2025,2/12/2025,121115,1,Delivered,Streets Shopping,Maharashtra,12.04761905,Maharashtra,5,253,0,0,0,1.05,62.85714286,11.31428571,240.952381,MAHARASHTRA,2025,1014070,240.952381
2/1/2025,2/11/2025,120779,1,Return,Streets Shopping,Delhi,11.76190476,Delhi,5,247,0,0,0,1.05,30.47619048,5.485714286,210.4761905,DELHI,2025,1014070,210.4761905
null,10/17/2024,782667,1,Cancelled,Streets Shopping,Haryana,0,Haryana,5,0,0,0,0,0,-28.57142857,-5.142857143,0,HARYANA,2025,1014070,0
3/1/2025,2/28/2025,126992,1,Shipped,Streets Shopping,Uttar Pradesh,11.66666667,Uttar Pradesh,5,245,0,0,0,1.05,44.76190476,8.057142857,222.8571429,UTTAR PRADESH,2025,1014070,222.8571429
null,9/18/2024,679213,1,Cancelled,Streets Shopping,Maharashtra,0,Maharashtra,5,0,0,0,0,0,-17.14285714,-3.085714286,0,MAHARASHTRA,2025,1014070,0
null,10/9/2024,754691,1,Cancelled,Streets Shopping,Uttar Pradesh,0,Uttar Pradesh,5,0,0,0,0,0,-6.666666667,-1.2,0,UTTAR PRADESH,2025,1014070,0
2/1/2025,2/10/2025,120347,1,Delivered,Streets Shopping,Maharashtra,17.85714286,Maharashtra,5,375,0,0,0,1.05,55.23809524,9.942857143,357.1428571,MAHARASHTRA,2025,1014070,357.1428571
2/1/2025,2/22/2025,124830,1,Delivered,Streets Shopping,Nagaland,12.76190476,Nagaland,5,268,0,0,0,1.05,77.14285714,13.88571429,255.2380952,NAGALAND,2025,1014070,255.2380952
null,9/3/2024,624271,1,Cancelled,Streets Shopping,Rajasthan,0,Rajasthan,5,0,0,0,0,0,-23.80952381,-4.285714286,0,RAJASTHAN,2025,1014070,0
2/1/2025,2/3/2025,117945,1,Return,Streets Shopping,Odisha,11.66666667,Odisha,5,245,0,0,0,1.05,38.0952381,6.857142857,216.1904762,ODISHA,2025,1014070,216.1904762
2/1/2025,2/27/2025,126609,1,Shipped,Streets Shopping,West Bengal,11.66666667,West Bengal,5,245,0,0,0,1.05,55.23809524,9.942857143,233.3333333,WEST BENGAL,2025,1014070,233.3333333
2/1/2025,2/18/2025,123394,1,Delivered,Streets Shopping,Maharashtra,11.9047619,Maharashtra,5,250,0,0,0,1.05,49.52380952,8.914285714,227.6190476,MAHARASHTRA,2025,1014070,227.6190476
null,11/3/2024,845591,1,Cancelled,Streets Shopping,Uttar Pradesh,0,Uttar Pradesh,5,0,0,0,0,0,-14.28571429,-2.571428571,0,UTTAR PRADESH,2025,1014070,0
null,9/3/2024,624273,1,Cancelled,Streets Shopping,Rajasthan,0,Rajasthan,5,0,0,0,0,0,-23.80952381,-4.285714286,0,RAJASTHAN,2025,1014070,0
2/1/2025,2/9/2025,120181,1,Delivered,Streets Shopping,Odisha,19,Odisha,5,399,0,0,0,1.05,63.80952381,11.48571429,380,ODISHA,2025,1014070,380
null,10/22/2024,802084,1,Cancelled,Streets Shopping,Gujarat,0,Gujarat,5,0,0,0,0,0,-17.14285714,-3.085714286,0,GUJARAT,2025,1014070,0
null,9/19/2024,683427,1,Cancelled,Streets Shopping,Uttar Pradesh,0,Uttar Pradesh,5,0,0,0,0,0,-8.571428571,-1.542857143,0,UTTAR PRADESH,2025,1014070,0
null,10/10/2024,758655,1,Cancelled,Streets Shopping,Karnataka,0,Karnataka,5,0,0,0,0,0,-1.904761905,-0.342857143,0,KARNATAKA,2025,1014070,0
2/1/2025,2/4/2025,118394,1,Delivered,Streets Shopping,Tamil Nadu,20.85714286,Tamil Nadu,5,438,0,0,0,1.05,83.80952381,15.08571429,417.1428571,TAMIL NADU,2025,1014070,417.1428571
2/1/2025,2/22/2025,124913,1,Delivered,Streets Shopping,Madhya Pradesh,11.23809524,Madhya Pradesh,5,236,0,0,0,1.05,38.0952381,6.857142857,207.6190476,MADHYA PRADESH,2025,1014070,207.6190476
2/1/2025,2/28/2025,126887,1,Shipped,Streets Shopping,Rajasthan,36.85714286,Rajasthan,12,344,0,0,0,1.12,46.42857143,8.357142857,301.7857143,RAJASTHAN,2025,1014070,301.7857143
null,10/5/2024,741303,1,Cancelled,Streets Shopping,Uttar Pradesh,0,Uttar Pradesh,5,0,0,0,0,0,-8.571428571,-1.542857143,0,UTTAR PRADESH,2025,1014070,0
null,10/24/2024,809941,1,Cancelled,Streets Shopping,Maharashtra,0,Maharashtra,5,0,0,0,0,0,-17.14285714,-3.085714286,0,MAHARASHTRA,2025,1014070,0
2/1/2025,2/7/2025,119380,1,Return,Streets Shopping,Delhi,11.71428571,Delhi,5,246,0,0,0,1.05,32.38095238,5.828571429,212.3809524,DELHI,2025,1014070,212.3809524
2/1/2025,2/18/2025,123350,1,Delivered,Streets Shopping,Tamil Nadu,11.9047619,Tamil Nadu,5,250,0,0,0,1.05,49.52380952,8.914285714,227.6190476,TAMIL NADU,2025,1014070,227.6190476
2/1/2025,2/5/2025,118483,1,Return,Streets Shopping,Telangana,11.85714286,Telangana,5,249,0,0,0,1.05,40,7.2,220,WEST BENGAL,2025,1014070,220
2/1/2025,2/15/2025,122341,1,Delivered,Streets Shopping,Uttar Pradesh,18.66666667,Uttar Pradesh,5,392,0,0,0,1.05,49.52380952,8.914285714,362.8571429,UTTAR PRADESH,2025,1014070,362.8571429
2/1/2025,2/17/2025,122970,1,Delivered,Streets Shopping,Kerala,12.33333333,Kerala,5,259,0,0,0,1.05,68.57142857,12.34285714,246.6666667,KERALA,2025,1014070,246.6666667
2/1/2025,2/16/2025,122657,1,Return,Streets Shopping,Maharashtra,12.04761905,Maharashtra,5,253,0,0,0,1.05,62.85714286,11.31428571,240.952381,MAHARASHTRA,2025,1014070,240.952381
2/1/2025,2/24/2025,125529,1,Delivered,Streets Shopping,Maharashtra,11.80952381,Maharashtra,5,248,0,0,0,1.05,58.0952381,10.45714286,236.1904762,MAHARASHTRA,2025,1014070,236.1904762
2/1/2025,2/11/2025,120767,1,Delivered,Streets Shopping,Telangana,11.9047619,Telangana,5,250,0,0,0,1.05,60,10.8,238.0952381,TELANGANA,2025,1014070,238.0952381
null,9/1/2024,617807,1,Cancelled,Streets Shopping,Uttar Pradesh,0,Uttar Pradesh,5,0,0,0,0,0,-8.571428571,-1.542857143,0,UTTAR PRADESH,2025,1014070,0
2/1/2025,2/2/2025,117507,1,Delivered,Streets Shopping,Maharashtra,16.38095238,Maharashtra,5,344,0,0,0,1.05,55.23809524,9.942857143,327.6190476,MAHARASHTRA,2025,1014070,327.6190476
null,9/3/2024,624245,1,Cancelled,Streets Shopping,Delhi,0,Delhi,5,0,0,0,0,0,-17.14285714,-3.085714286,0,DELHI,2025,1014070,0
null,11/18/2024,900775,1,Cancelled,Streets Shopping,Uttar Pradesh,0,Uttar Pradesh,5,0,0,0,0,0,-8.571428571,-1.542857143,0,UTTAR PRADESH,2025,1014070,0
2/1/2025,2/12/2025,121067,1,rto,Streets Shopping,Telangana,23.57142857,Telangana,5,495,0,0,0,1.05,76.19047619,13.71428571,470.4761905,TELANGANA,2025,1014070,470.4761905
null,10/19/2024,790545,1,Cancelled,Streets Shopping,Madhya Pradesh,0,Madhya Pradesh,5,0,0,0,0,0,-17.14285714,-3.085714286,0,MADHYA PRADESH,2025,1014070,0
null,11/11/2024,875929,1,Cancelled,Streets Shopping,Uttar Pradesh,0,Uttar Pradesh,5,0,0,0,0,0,-10.47619048,-1.885714286,0,UTTAR PRADESH,2025,1014070,0
2/1/2025,2/1/2025,117222,1,Delivered,Streets Shopping,Bihar,16.33333333,Bihar,5,343,0,0,0,1.05,55.23809524,9.942857143,326.6666667,BIHAR,2025,1014070,326.6666667
2/1/2025,2/14/2025,121959,1,Delivered,Streets Shopping,Gujarat,11.66666667,Gujarat,5,245,0,0,0,1.05,38.0952381,6.857142857,216.1904762,GUJARAT,2025,1014070,216.1904762
null,2/16/2025,122629,1,Cancelled,Streets Shopping,Maharashtra,11.42857143,Maharashtra,5,240,0,0,0,1.05,55.23809524,9.942857143,228.5714286,MAHARASHTRA,2025,1014070,228.5714286
2/1/2025,2/11/2025,120864,1,Delivered,Streets Shopping,Uttar Pradesh,11.9047619,Uttar Pradesh,5,250,0,0,0,1.05,49.52380952,8.914285714,227.6190476,UTTAR PRADESH,2025,1014070,227.6190476
null,11/7/2024,860213,1,Cancelled,Streets Shopping,Maharashtra,0,Maharashtra,5,0,0,0,0,0,-17.14285714,-3.085714286,0,MAHARASHTRA,2025,1014070,0
null,10/27/2024,818409,1,Cancelled,Streets Shopping,Maharashtra,0,Maharashtra,5,0,0,0,0,0,-17.14285714,-3.085714286,0,MAHARASHTRA,2025,1014070,0
null,11/8/2024,863408,1,Cancelled,Streets Shopping,Uttar Pradesh,0,Uttar Pradesh,5,0,0,0,0,0,-10.47619048,-1.885714286,0,UTTAR PRADESH,2025,1014070,0
2/1/2025,2/13/2025,121671,1,Shipped,Streets Shopping,Gujarat,11.9047619,Gujarat,5,250,0,0,0,1.05,60,10.8,238.0952381,GUJARAT,2025,1014070,238.0952381
2/1/2025,2/27/2025,126678,1,Shipped,Streets Shopping,Maharashtra,40.5,Maharashtra,12,378,0,0,0,1.12,54.46428571,9.803571429,337.5,MAHARASHTRA,2025,1014070,337.5
null,9/13/2024,662146,1,Cancelled,Streets Shopping,Uttar Pradesh,0,Uttar Pradesh,5,0,0,0,0,0,-11.42857143,-2.057142857,0,UTTAR PRADESH,2025,1014070,0
2/1/2025,2/15/2025,122045,1,rto,Streets Shopping,Uttar Pradesh,18.66666667,Uttar Pradesh,5,392,0,0,0,1.05,49.52380952,8.914285714,362.8571429,UTTAR PRADESH,2025,1014070,362.8571429
null,11/21/2024,910549,1,Cancelled,Streets Shopping,Uttar Pradesh,0,Uttar Pradesh,5,0,0,0,0,0,-10.47619048,-1.885714286,0,UTTAR PRADESH,2025,1014070,0
2/1/2025,2/13/2025,121672,1,Exchange,Streets Shopping,Gujarat,11.66666667,Gujarat,5,245,0,0,0,1.05,55.23809524,9.942857143,233.3333333,GUJARAT,2025,1014070,233.3333333
2/1/2025,2/9/2025,120037,1,Delivered,Streets Shopping,Madhya Pradesh,16.38095238,Madhya Pradesh,5,344,0,0,0,1.05,55.23809524,9.942857143,327.6190476,MADHYA PRADESH,2025,1014070,327.6190476
3/1/2025,2/28/2025,127025,1,Shipped,Streets Shopping,karnataka,21.76190476,karnataka,5,457,0,0,0,1.05,55.23809524,9.942857143,435.2380952,KARNATAKA,2025,1014070,435.2380952
2/1/2025,2/12/2025,121196,1,Return,Streets Shopping,Rajasthan,23.57142857,Rajasthan,5,495,0,0,0,1.05,65.71428571,11.82857143,460,RAJASTHAN,2025,1014070,460
2/1/2025,2/14/2025,121816,1,Delivered,Streets Shopping,Andaman and Nicobar Islands,13,Andaman and Nicobar Islands,5,273,0,0,0,1.05,67.61904762,12.17142857,260,ANDAMAN AND NICOBAR ISLANDS,2025,1014070,260
2/1/2025,2/13/2025,121469,1,Return,Streets Shopping,Bihar,11.9047619,Bihar,5,250,0,0,0,1.05,60,10.8,238.0952381,BIHAR,2025,1014070,238.0952381
2/1/2025,2/2/2025,117467,1,Return,Streets Shopping,Bihar,11.33333333,Bihar,5,238,0,0,0,1.05,38.0952381,6.857142857,209.5238095,BIHAR,2025,1014070,209.5238095
null,2/28/2025,126948,1,Cancelled,Streets Shopping,Bihar,10.57142857,Bihar,5,222,0,0,0,1.05,55.23809524,9.942857143,211.4285714,BIHAR,2025,1014070,211.4285714
null,10/25/2024,813704,1,Cancelled,Streets Shopping,Maharashtra,0,Maharashtra,5,0,0,0,0,0,-17.14285714,-3.085714286,0,MAHARASHTRA,2025,1014070,0
null,9/3/2024,624294,1,Cancelled,Streets Shopping,Rajasthan,0,Rajasthan,5,0,0,0,0,0,-23.80952381,-4.285714286,0,RAJASTHAN,2025,1014070,0
2/1/2025,2/2/2025,117344,1,Return,Streets Shopping,Maharashtra,15.14285714,Maharashtra,5,318,0,0,0,1.05,55.23809524,9.942857143,302.8571429,MAHARASHTRA,2025,1014070,302.8571429
null,10/8/2024,752806,1,Cancelled,Streets Shopping,West Bengal,0,West Bengal,5,0,0,0,0,0,-0.952380952,-0.171428571,0,WEST BENGAL,2025,1014070,0
2/1/2025,2/10/2025,120391,1,Delivered,Streets Shopping,Maharashtra,16.38095238,Maharashtra,5,344,0,0,0,1.05,38.0952381,6.857142857,310.4761905,MAHARASHTRA,2025,1014070,310.4761905
2/1/2025,2/26/2025,126299,1,Shipped,Streets Shopping,Maharashtra,11.66666667,Maharashtra,5,245,0,0,0,1.05,55.23809524,9.942857143,233.3333333,MAHARASHTRA,2025,1014070,233.3333333
null,11/30/2024,944229,1,Ordered,Streets Shopping,Rajasthan,0,Rajasthan,5,0,0,0,0,0,-8.571428571,-1.542857143,0,RAJASTHAN,2025,1014070,0
2/1/2025,2/2/2025,117523,1,Delivered,Streets Shopping,Rajasthan,11.33333333,Rajasthan,5,238,0,0,0,1.05,31.42857143,5.657142857,202.8571429,RAJASTHAN,2025,1014070,202.8571429
null,2/10/2025,120587,1,Cancelled,Streets Shopping,Maharashtra,17.42857143,Maharashtra,5,366,0,0,0,1.05,63.80952381,11.48571429,348.5714286,MAHARASHTRA,2025,1014070,348.5714286
null,10/19/2024,789239,1,Cancelled,Streets Shopping,Gujarat,0,Gujarat,5,0,0,0,0,0,-17.14285714,-3.085714286,0,GUJARAT,2025,1014070,0
null,10/18/2024,787109,1,Cancelled,Streets Shopping,Uttar Pradesh,0,Uttar Pradesh,5,0,0,0,0,0,-21.9047619,-3.942857143,0,UTTAR PRADESH,2025,1014070,0
2/1/2025,2/3/2025,117826,1,Delivered,Streets Shopping,Odisha,15,Odisha,5,315,0,0,0,1.05,55.23809524,9.942857143,300,ODISHA,2025,1014070,300
null,2/5/2025,118607,1,Cancelled,Streets Shopping,Gujarat,11.61904762,Gujarat,5,244,0,0,0,1.05,38.0952381,6.857142857,215.2380952,GUJARAT,2025,1014070,215.2380952
null,9/24/2024,700767,1,Cancelled,Streets Shopping,Rajasthan,0,Rajasthan,5,0,0,0,0,0,-11.42857143,-2.057142857,0,RAJASTHAN,2025,1014070,0
null,9/7/2024,640353,1,Cancelled,Streets Shopping,Uttar Pradesh,0,Uttar Pradesh,5,0,0,0,0,0,-11.42857143,-2.057142857,0,UTTAR PRADESH,2025,1014070,0
2/1/2025,2/6/2025,119060,1,Delivered,Streets Shopping,West Bengal,11.66666667,West Bengal,5,245,0,0,0,1.05,38.0952381,6.857142857,216.1904762,KARNATAKA,2025,1014070,216.1904762
null,10/12/2024,766002,1,Cancelled,Streets Shopping,Uttar Pradesh,0,Uttar Pradesh,5,0,0,0,0,0,-17.14285714,-3.085714286,0,UTTAR PRADESH,2025,1014070,0
null,9/4/2024,627955,1,Cancelled,Streets Shopping,Madhya Pradesh,0,Madhya Pradesh,5,0,0,0,0,0,-2.857142857,-0.514285714,0,MADHYA PRADESH,2025,1014070,0
2/1/2025,2/5/2025,118760,1,Delivered,Streets Shopping,Gujarat,11.66666667,Gujarat,5,245,0,0,0,1.05,38.0952381,6.857142857,216.1904762,GUJARAT,2025,1014070,216.1904762
2/1/2025,2/24/2025,125449,1,Delivered,Streets Shopping,West Bengal,11.57142857,West Bengal,5,243,0,0,0,1.05,38.0952381,6.857142857,214.2857143,WEST BENGAL,2025,1014070,214.2857143
2/1/2025,2/22/2025,124738,1,Delivered,Streets Shopping,West Bengal,11.9047619,West Bengal,5,250,0,0,0,1.05,60,10.8,238.0952381,WEST BENGAL,2025,1014070,238.0952381
null,10/27/2024,820392,1,Cancelled,Streets Shopping,Delhi,0,Delhi,5,0,0,0,0,0,-17.14285714,-3.085714286,0,DELHI,2025,1014070,0
2/1/2025,2/17/2025,122895,1,Return,Streets Shopping,Bihar,11.66666667,Bihar,5,245,0,0,0,1.05,38.0952381,6.857142857,216.1904762,BIHAR,2025,1014070,216.1904762
2/1/2025,2/26/2025,126301,1,Shipped,Streets Shopping,Maharashtra,11.66666667,Maharashtra,5,245,0,0,0,1.05,55.23809524,9.942857143,233.3333333,MAHARASHTRA,2025,1014070,233.3333333
null,2/1/2025,117116,1,Cancelled,Streets Shopping,Andhra Pradesh,15,Andhra Pradesh,5,315,0,0,0,1.05,38.0952381,6.857142857,282.8571429,ANDHRA PRADESH,2025,1014070,282.8571429
2/1/2025,2/24/2025,125655,1,Delivered,Streets Shopping,Punjab,17.52380952,Punjab,5,368,0,0,0,1.05,53.33333333,9.6,348.5714286,PUNJAB,2025,1014070,348.5714286
2/1/2025,2/10/2025,120415,1,Return,Streets Shopping,Andhra Pradesh,11.28571429,Andhra Pradesh,5,237,0,0,0,1.05,55.23809524,9.942857143,225.7142857,ANDHRA PRADESH,2025,1014070,225.7142857
null,9/15/2024,667211,1,Cancelled,Streets Shopping,Haryana,0,Haryana,5,0,0,0,0,0,-11.42857143,-2.057142857,0,HARYANA,2025,1014070,0
null,10/3/2024,734406,1,Cancelled,Streets Shopping,Telangana,0,Telangana,5,0,0,0,0,0,-17.14285714,-3.085714286,0,TAMIL NADU,2025,1014070,0
null,10/12/2024,767344,1,Cancelled,Streets Shopping,Maharashtra,0,Maharashtra,5,0,0,0,0,0,-17.14285714,-3.085714286,0,MAHARASHTRA,2025,1014070,0
null,2/2/2025,117610,1,Cancelled,Streets Shopping,Madhya Pradesh,16.38095238,Madhya Pradesh,5,344,0,0,0,1.05,55.23809524,9.942857143,327.6190476,MADHYA PRADESH,2025,1014070,327.6190476
null,2/2/2025,117594,1,Cancelled,Streets Shopping,Uttar Pradesh,16.38095238,Uttar Pradesh,5,344,0,0,0,1.05,48.57142857,8.742857143,320.952381,UTTAR PRADESH,2025,1014070,320.952381
null,9/29/2024,719110,1,Ordered,Streets Shopping,Maharashtra,0,Maharashtra,5,0,0,0,0,0,-17.14285714,-3.085714286,0,MAHARASHTRA,2025,1014070,0
2/1/2025,2/22/2025,124940,1,Delivered,Streets Shopping,West Bengal,13.95238095,West Bengal,5,293,0,0,0,1.05,58.0952381,10.45714286,279.047619,WEST BENGAL,2025,1014070,279.047619
null,10/16/2024,780980,1,Cancelled,Streets Shopping,Haryana,0,Haryana,5,0,0,0,0,0,-23.80952381,-4.285714286,0,HARYANA,2025,1014070,0
2/1/2025,2/5/2025,118591,1,Delivered,Streets Shopping,Uttar Pradesh,16.38095238,Uttar Pradesh,5,344,0,0,0,1.05,48.57142857,8.742857143,320.952381,UTTAR PRADESH,2025,1014070,320.952381
2/1/2025,2/17/2025,122959,1,Return,Streets Shopping,Jharkhand,15,Jharkhand,5,315,0,0,0,1.05,38.0952381,6.857142857,282.8571429,JHARKHAND,2025,1014070,282.8571429
2/1/2025,2/2/2025,117603,1,Delivered,Streets Shopping,Maharashtra,15.14285714,Maharashtra,5,318,0,0,0,1.05,38.0952381,6.857142857,285.7142857,MAHARASHTRA,2025,1014070,285.7142857
2/1/2025,2/2/2025,117569,1,Return,Streets Shopping,Uttar Pradesh,17.42857143,Uttar Pradesh,5,366,0,0,0,1.05,56.19047619,10.11428571,340.952381,UTTAR PRADESH,2025,1014070,340.952381
2/1/2025,2/11/2025,120749,1,Delivered,Streets Shopping,Kerala,13.28571429,Kerala,5,279,0,0,0,1.05,44.76190476,8.057142857,244.7619048,KERALA,2025,1014070,244.7619048
2/1/2025,2/23/2025,125179,1,Delivered,Streets Shopping,Delhi,11.71428571,Delhi,5,246,0,0,0,1.05,47.61904762,8.571428571,223.8095238,DELHI,2025,1014070,223.8095238
null,10/31/2024,834343,1,Cancelled,Streets Shopping,Maharashtra,0,Maharashtra,5,0,0,0,0,0,-17.14285714,-3.085714286,0,MAHARASHTRA,2025,1014070,0
2/1/2025,2/13/2025,121461,1,Delivered,Streets Shopping,Uttar Pradesh,11.9047619,Uttar Pradesh,5,250,0,0,0,1.05,51.42857143,9.257142857,229.5238095,UTTAR PRADESH,2025,1014070,229.5238095
2/1/2025,2/19/2025,123850,1,Delivered,Streets Shopping,Gujarat,11.76190476,Gujarat,5,247,0,0,0,1.05,40,7.2,218.0952381,MADHYA PRADESH,2025,1014070,218.0952381
2/1/2025,2/3/2025,118022,1,Delivered,Streets Shopping,Gujarat,22.60714286,Gujarat,12,211,0,0,0,1.12,67.85714286,12.21428571,188.3928571,GUJARAT,2025,1014070,188.3928571
2/1/2025,2/16/2025,122700,1,rto,Streets Shopping,Bihar,12.0952381,Bihar,5,254,0,0,0,1.05,55.23809524,9.942857143,241.9047619,BIHAR,2025,1014070,241.9047619
2/1/2025,2/18/2025,123215,1,Delivered,Streets Shopping,Telangana,12.04761905,Telangana,5,253,0,0,0,1.05,62.85714286,11.31428571,240.952381,TELANGANA,2025,1014070,240.952381
2/1/2025,2/15/2025,122097,1,Delivered,Streets Shopping,West Bengal,12.04761905,West Bengal,5,253,0,0,0,1.05,62.85714286,11.31428571,240.952381,WEST BENGAL,2025,1014070,240.952381
2/1/2025,2/1/2025,117109,1,Delivered,Streets Shopping,Odisha,17.14285714,Odisha,5,360,0,0,0,1.05,63.80952381,11.48571429,342.8571429,ODISHA,2025,1014070,342.8571429
2/1/2025,2/18/2025,123437,1,Delivered,Streets Shopping,Maharashtra,12.04761905,Maharashtra,5,253,0,0,0,1.05,62.85714286,11.31428571,240.952381,MAHARASHTRA,2025,1014070,240.952381
null,11/23/2024,919140,1,Cancelled,Streets Shopping,Maharashtra,0,Maharashtra,5,0,0,0,0,0,-1.904761905,-0.342857143,0,MAHARASHTRA,2025,1014070,0
null,10/15/2024,777124,1,Cancelled,Streets Shopping,Maharashtra,0,Maharashtra,5,0,0,0,0,0,-17.14285714,-3.085714286,0,MAHARASHTRA,2025,1014070,0
2/1/2025,2/17/2025,123010,1,Delivered,Streets Shopping,Maharashtra,11.9047619,Maharashtra,5,250,0,0,0,1.05,60,10.8,238.0952381,MAHARASHTRA,2025,1014070,238.0952381
2/1/2025,2/19/2025,123800,1,Delivered,Streets Shopping,Uttar Pradesh,11.61904762,Uttar Pradesh,5,244,0,0,0,1.05,44.76190476,8.057142857,222.8571429,DELHI,2025,1014070,222.8571429
null,9/25/2024,705616,1,Cancelled,Streets Shopping,Rajasthan,0,Rajasthan,5,0,0,0,0,0,-8.571428571,-1.542857143,0,RAJASTHAN,2025,1014070,0
2/1/2025,2/16/2025,122584,1,Delivered,Streets Shopping,Odisha,11.80952381,Odisha,5,248,0,0,0,1.05,60,10.8,236.1904762,DELHI,2025,1014070,236.1904762
null,9/12/2024,655727,1,Cancelled,Streets Shopping,Andhra Pradesh,0,Andhra Pradesh,5,0,0,0,0,0,-17.14285714,-3.085714286,0,ANDHRA PRADESH,2025,1014070,0
2/1/2025,2/28/2025,126912,1,Shipped,Streets Shopping,Uttar Pradesh,11.80952381,Uttar Pradesh,5,248,0,0,0,1.05,34.28571429,6.171428571,212.3809524,UTTAR PRADESH,2025,1014070,212.3809524
2/1/2025,2/22/2025,124771,1,Return,Streets Shopping,Rajasthan,10.47619048,Rajasthan,5,220,0,0,0,1.05,45.71428571,8.228571429,200,RAJASTHAN,2025,1014070,200
null,11/13/2024,882463,1,Cancelled,Streets Shopping,Maharashtra,0,Maharashtra,5,0,0,0,0,0,-15.23809524,-2.742857143,0,TELANGANA,2025,1014070,0
null,10/12/2024,767344,1,Cancelled,Streets Shopping,Maharashtra,0,Maharashtra,5,0,0,0,0,0,-17.14285714,-3.085714286,0,MAHARASHTRA,2025,1014070,0
null,11/12/2024,879162,1,Cancelled,Streets Shopping,Maharashtra,0,Maharashtra,5,0,0,0,0,0,-14.28571429,-2.571428571,0,MAHARASHTRA,2025,1014070,0
null,2/23/2025,125089,1,Cancelled,Streets Shopping,Uttar Pradesh,33.75,Uttar Pradesh,12,315,0,0,0,1.12,42.85714286,7.714285714,272.3214286,UTTAR PRADESH,2025,1014070,272.3214286
2/1/2025,2/20/2025,124169,1,Delivered,Streets Shopping,Uttar Pradesh,13.95238095,Uttar Pradesh,5,293,0,0,0,1.05,48.57142857,8.742857143,269.5238095,UTTAR PRADESH,2025,1014070,269.5238095
null,2/14/2025,121865,1,Cancelled,Streets Shopping,Bihar,12.38095238,Bihar,5,260,0,0,0,1.05,55.23809524,9.942857143,247.6190476,BIHAR,2025,1014070,247.6190476
2/1/2025,2/21/2025,124425,1,Shipped,Streets Shopping,Odisha,23.61904762,Odisha,5,496,0,0,0,1.05,78.0952381,14.05714286,472.3809524,ODISHA,2025,1014070,472.3809524
2/1/2025,2/8/2025,119775,1,Delivered,Streets Shopping,Chhattisgarh,17.85714286,Chhattisgarh,5,375,0,0,0,1.05,55.23809524,9.942857143,357.1428571,CHHATTISGARH,2025,1014070,357.1428571
2/1/2025,2/14/2025,121922,1,Return,Streets Shopping,Maharashtra,11.9047619,Maharashtra,5,250,0,0,0,1.05,60,10.8,238.0952381,MAHARASHTRA,2025,1014070,238.0952381
2/1/2025,2/25/2025,125671,1,Shipped,Streets Shopping,Maharashtra,13.95238095,Maharashtra,5,293,0,0,0,1.05,58.0952381,10.45714286,279.047619,MAHARASHTRA,2025,1014070,279.047619
null,2/15/2025,122216,1,Cancelled,Streets Shopping,Uttar Pradesh,10.57142857,Uttar Pradesh,5,222,0,0,0,1.05,46.66666667,8.4,202.8571429,UTTAR PRADESH,2025,1014070,202.8571429
2/1/2025,2/6/2025,119014,1,Return,Streets Shopping,Maharashtra,11.66666667,Maharashtra,5,245,0,0,0,1.05,38.0952381,6.857142857,216.1904762,MAHARASHTRA,2025,1014070,216.1904762
2/1/2025,2/3/2025,117850,1,Delivered,Streets Shopping,Karnataka,11.76190476,Karnataka,5,247,0,0,0,1.05,40.95238095,7.371428571,219.047619,KARNATAKA,2025,1014070,219.047619
null,2/21/2025,124460,1,Cancelled,Streets Shopping,Madhya Pradesh,11.71428571,Madhya Pradesh,5,246,0,0,0,1.05,58.0952381,10.45714286,234.2857143,MADHYA PRADESH,2025,1014070,234.2857143
null,9/12/2024,657513,1,Cancelled,Streets Shopping,Rajasthan,0,Rajasthan,5,0,0,0,0,0,-23.80952381,-4.285714286,0,RAJASTHAN,2025,1014070,0
2/1/2025,2/15/2025,122175,1,Delivered,Streets Shopping,Rajasthan,10.66666667,Rajasthan,5,224,0,0,0,1.05,46.66666667,8.4,204.7619048,RAJASTHAN,2025,1014070,204.7619048
2/1/2025,2/13/2025,121624,1,Return,Streets Shopping,West Bengal,12.14285714,West Bengal,5,255,0,0,0,1.05,63.80952381,11.48571429,224.7619048,WEST BENGAL,2025,1014070,224.7619048
null,10/8/2024,751749,1,Cancelled,Streets Shopping,Uttar Pradesh,0,Uttar Pradesh,5,0,0,0,0,0,-8.571428571,-1.542857143,0,UTTAR PRADESH,2025,1014070,0
2/1/2025,2/3/2025,117716,1,Delivered,Streets Shopping,West Bengal,12.38095238,West Bengal,5,260,0,0,0,1.05,55.23809524,9.942857143,247.6190476,WEST BENGAL,2025,1014070,247.6190476
2/1/2025,2/6/2025,118912,1,Exchange,Streets Shopping,Gujarat,11.61904762,Gujarat,5,244,0,0,0,1.05,38.0952381,6.857142857,215.2380952,GUJARAT,2025,1014070,215.2380952
null,9/3/2024,624249,1,Cancelled,Streets Shopping,Rajasthan,0,Rajasthan,5,0,0,0,0,0,-23.80952381,-4.285714286,0,RAJASTHAN,2025,1014070,0
null,9/3/2024,624356,1,Cancelled,Streets Shopping,Rajasthan,0,Rajasthan,5,0,0,0,0,0,-23.80952381,-4.285714286,0,RAJASTHAN,2025,1014070,0
2/1/2025,2/11/2025,120770,1,Delivered,Streets Shopping,West Bengal,12.38095238,West Bengal,5,260,0,0,0,1.05,55.23809524,9.942857143,247.6190476,WEST BENGAL,2025,1014070,247.6190476
null,11/25/2024,925203,1,Cancelled,Streets Shopping,Goa,0,Goa,5,0,0,0,0,0,-17.14285714,-3.085714286,0,GOA,2025,1014070,0
2/1/2025,2/8/2025,119808,1,Delivered,Streets Shopping,Bihar,12.85714286,Bihar,5,270,0,0,0,1.05,60,10.8,257.1428571,BIHAR,2025,1014070,257.1428571
2/1/2025,2/5/2025,118612,1,rto,Streets Shopping,Andhra Pradesh,21.28571429,Andhra Pradesh,5,447,0,0,0,1.05,55.23809524,9.942857143,425.7142857,ANDHRA PRADESH,2025,1014070,425.7142857
2/1/2025,2/23/2025,125260,1,Delivered,Streets Shopping,Gujarat,11.66666667,Gujarat,5,245,0,0,0,1.05,55.23809524,9.942857143,233.3333333,GUJARAT,2025,1014070,233.3333333
null,9/27/2024,712793,1,Cancelled,Streets Shopping,West Bengal,0,West Bengal,5,0,0,0,0,0,-18.0952381,-3.257142857,0,TELANGANA,2025,1014070,0
null,9/27/2024,712791,1,Cancelled,Streets Shopping,Punjab,0,Punjab,5,0,0,0,0,0,-11.42857143,-2.057142857,0,PUNJAB,2025,1014070,0
3/1/2025,2/28/2025,127072,1,Shipped,Streets Shopping,Odisha,11.66666667,Odisha,5,245,0,0,0,1.05,55.23809524,9.942857143,233.3333333,ODISHA,2025,1014070,233.3333333
null,10/13/2024,769942,1,Cancelled,Streets Shopping,Haryana,0,Haryana,5,0,0,0,0,0,-28.57142857,-5.142857143,0,HARYANA,2025,1014070,0
null,9/27/2024,712912,1,Cancelled,Streets Shopping,Telangana,0,Telangana,5,0,0,0,0,0,-19.04761905,-3.428571429,0,TELANGANA,2025,1014070,0
2/1/2025,2/18/2025,123135,1,Delivered,Streets Shopping,Goa,11.66666667,Goa,5,245,0,0,0,1.05,39.04761905,7.028571429,217.1428571,GOA,2025,1014070,217.1428571
2/1/2025,2/8/2025,119704,1,Delivered,Streets Shopping,Andaman & Nicobar Islands,13,Andaman & Nicobar Islands,5,273,0,0,0,1.05,81.9047619,14.74285714,260,ANDAMAN AND NICOBAR ISLANDS,2025,1014070,260
2/1/2025,2/6/2025,119125,1,Delivered,Streets Shopping,Maharashtra,11.76190476,Maharashtra,5,247,0,0,0,1.05,40,7.2,218.0952381,MAHARASHTRA,2025,1014070,218.0952381
null,10/5/2024,741182,1,Cancelled,Streets Shopping,Haryana,0,Haryana,5,0,0,0,0,0,-28.57142857,-5.142857143,0,UTTAR PRADESH,2025,1014070,0
2/1/2025,2/21/2025,124237,1,Return,Streets Shopping,Karnataka,11.80952381,Karnataka,5,248,0,0,0,1.05,41.9047619,7.542857143,220,KARNATAKA,2025,1014070,220
2/1/2025,2/13/2025,121470,1,Delivered,Streets Shopping,Madhya Pradesh,23.57142857,Madhya Pradesh,5,495,0,0,0,1.05,77.14285714,13.88571429,471.4285714,MADHYA PRADESH,2025,1014070,471.4285714
2/1/2025,2/5/2025,118678,1,Return,Streets Shopping,Karnataka,11.761905,Karnataka,5,247,0,0,560085,1.05,40.95238095,0,219.047619,KARNATAKA,2025,1014070,-219.047619
2/1/2025,2/16/2025,122708,1,Return,Streets Shopping,Uttar Pradesh,11.428571,Uttar Pradesh,5,240,0,0,242407,1.05,46.66666667,0,220,UTTAR PRADESH,2025,1014070,-220
null,2/21/2025,124460,1,Cancelled,Streets Shopping,Odisha,11.666667,Odisha,5,245,0,0,761111,1.05,55.23809524,0,233.3333333,ODISHA,2025,1014070,-233.3333333
2/1/2025,2/6/2025,118918,1,Return,Streets Shopping,West Bengal,13.666667,West Bengal,5,287,0,0,742135,1.05,61.9047619,0,273.3333333,WEST BENGAL,2025,1014070,-273.3333333
null,2/2/2025,117594,1,Cancelled,Streets Shopping,Uttar Pradesh,16.380952,Uttar Pradesh,5,344,0,0,227304,1.05,48.57142857,0,320.952381,UTTAR PRADESH,2025,1014070,-320.952381
null,2/16/2025,122531,1,Cancelled,Streets Shopping,Tamil Nadu,18.809524,Tamil Nadu,5,395,0,0,600052,1.05,66.66666667,0,376.1904762,TAMIL NADU,2025,1014070,-376.1904762
2/1/2025,2/5/2025,118744,1,Return,Streets Shopping,Madhya Pradesh,11.666667,Madhya Pradesh,5,245,0,0,462037,1.05,55.23809524,0,233.3333333,MADHYA PRADESH,2025,1014070,-233.3333333
1/1/2025,1/29/2025,116100,1,rto,Streets Shopping,Odisha,12.380952,Odisha,5,260,0,0,767016,1.05,55.23809524,0,247.6190476,ODISHA,2025,1014070,-247.6190476
1/1/2025,1/27/2025,115513,1,Return,Streets Shopping,Karnataka,11.761905,Karnataka,5,247,0,0,560013,1.05,40.95238095,0,219.047619,WEST BENGAL,2025,1014070,-219.047619
2/1/2025,2/10/2025,120360,1,Return,Streets Shopping,Uttar Pradesh,12.380952,Uttar Pradesh,5,260,0,0,201318,1.05,46.66666667,0,239.047619,UTTAR PRADESH,2025,1014070,-239.047619
2/1/2025,2/16/2025,122634,1,rto,Streets Shopping,Karnataka,11.904762,Karnataka,5,250,0,0,576104,1.05,60,0,238.0952381,KARNATAKA,2025,1014070,-238.0952381
2/1/2025,2/13/2025,121326,1,Return,Streets Shopping,Karnataka,12.047619,Karnataka,5,253,0,0,560078,1.05,52.38095238,0,230.4761905,KARNATAKA,2025,1014070,-230.4761905
1/1/2025,1/28/2025,115780,1,Return,Streets Shopping,Karnataka,11.761905,Karnataka,5,247,0,0,560087,1.05,40.95238095,0,219.047619,KARNATAKA,2025,1014070,-219.047619
2/1/2025,2/3/2025,117894,1,Return,Streets Shopping,Rajasthan,11.761905,Rajasthan,5,247,0,0,302016,1.05,45.71428571,0,225.7142857,GUJARAT,2025,1014070,-225.7142857
2/1/2025,2/17/2025,122959,1,Return,Streets Shopping,Jharkhand,15,Jharkhand,5,315,0,0,834001,1.05,38.0952381,0,282.8571429,JHARKHAND,2025,1014070,-282.8571429
null,2/11/2025,120840,1,Cancelled,Streets Shopping,Odisha,11.428571,Odisha,5,240,0,0,767016,1.05,55.23809524,0,228.5714286,ODISHA,2025,1014070,-228.5714286
null,2/12/2025,121144,1,Cancelled,Streets Shopping,Haryana,13.714286,Haryana,5,288,0,0,121004,1.05,45.71428571,0,265.7142857,HARYANA,2025,1014070,-265.7142857
2/1/2025,1/31/2025,116803,1,rto,Streets Shopping,Haryana,12.428571,Haryana,5,261,0,0,131001,1.05,56.19047619,0,248.5714286,HARYANA,2025,1014070,-248.5714286
null,2/1/2025,117116,1,Cancelled,Streets Shopping,Andhra Pradesh,15,Andhra Pradesh,5,315,0,0,531031,1.05,38.0952381,0,282.8571429,ANDHRA PRADESH,2025,1014070,-282.8571429
null,2/22/2025,124743,1,Cancelled,Streets Shopping,Jharkhand,11.714286,Jharkhand,5,246,0,0,831013,1.05,58.0952381,0,234.2857143,JHARKHAND,2025,1014070,-234.2857143
null,2/23/2025,125061,1,Cancelled,Streets Shopping,Odisha,13.714286,Odisha,5,288,0,0,753004,1.05,61.9047619,0,274.2857143,ODISHA,2025,1014070,-274.2857143
null,2/15/2025,122289,1,Cancelled,Streets Shopping,Karnataka,11.809524,Karnataka,5,248,0,0,571404,1.05,60,0,236.1904762,KARNATAKA,2025,1014070,-236.1904762
2/1/2025,2/2/2025,117569,1,Return,Streets Shopping,Uttar Pradesh,17.428571,Uttar Pradesh,5,366,0,0,232333,1.05,56.19047619,0,340.952381,UTTAR PRADESH,2025,1014070,-340.952381
null,2/10/2025,120587,1,Cancelled,Streets Shopping,Maharashtra,17.428571,Maharashtra,5,366,0,0,440034,1.05,63.80952381,0,348.5714286,MAHARASHTRA,2025,1014070,-348.5714286
2/1/2025,2/2/2025,117485,1,rto,Streets Shopping,Madhya Pradesh,17.761905,Madhya Pradesh,5,373,0,0,486675,1.05,55.23809524,0,355.2380952,MADHYA PRADESH,2025,1014070,-355.2380952
2/1/2025,2/5/2025,118556,1,rto,Streets Shopping,Uttar Pradesh,23.571429,Uttar Pradesh,5,495,0,0,251327,1.05,65.71428571,0,460,UTTAR PRADESH,2025,1014070,-460
null,2/28/2025,126948,1,Cancelled,Streets Shopping,Bihar,10.571429,Bihar,5,222,0,0,847103,1.05,55.23809524,0,211.4285714,BIHAR,2025,1014070,-211.4285714
2/1/2025,2/5/2025,118598,1,Return,Streets Shopping,Maharashtra,11.857143,Maharashtra,5,249,0,0,400022,1.05,40.95238095,0,220.952381,MAHARASHTRA,2025,1014070,-220.952381
2/1/2025,2/2/2025,117344,1,Return,Streets Shopping,Maharashtra,15.142857,Maharashtra,5,318,0,0,410501,1.05,55.23809524,0,302.8571429,MAHARASHTRA,2025,1014070,-302.8571429
null,2/16/2025,122685,1,Cancelled,Streets Shopping,Maharashtra,11.904762,Maharashtra,5,250,0,0,415004,1.05,60,0,238.0952381,MAHARASHTRA,2025,1014070,-238.0952381
2/1/2025,2/12/2025,121300,1,Return,Streets Shopping,Maharashtra,18.666667,Maharashtra,5,392,0,0,413004,1.05,49.52380952,0,362.8571429,MAHARASHTRA,2025,1014070,-362.8571429
1/1/2025,1/29/2025,116079,1,Return,Streets Shopping,Maharashtra,11.761905,Maharashtra,5,247,0,0,401305,1.05,40,0,218.0952381,MAHARASHTRA,2025,1014070,-218.0952381
null,2/22/2025,124785,1,Cancelled,Streets Shopping,Bihar,11.809524,Bihar,5,248,0,0,854202,1.05,58.0952381,0,236.1904762,BIHAR,2025,1014070,-236.1904762
2/1/2025,2/4/2025,118237,1,Return,Streets Shopping,Chhattisgarh,11.666667,Chhattisgarh,5,245,0,0,495001,1.05,38.0952381,0,216.1904762,CHHATTISGARH,2025,1014070,-216.1904762
2/1/2025,1/31/2025,116850,1,Return,Streets Shopping,Karnataka,11.666667,Karnataka,5,245,0,0,587115,1.05,55.23809524,0,233.3333333,KARNATAKA,2025,1014070,-233.3333333
2/1/2025,2/14/2025,121821,1,rto,Streets Shopping,Gujarat,23.571429,Gujarat,5,495,0,0,390021,1.05,77.14285714,0,471.4285714,GUJARAT,2025,1014070,-471.4285714
2/1/2025,2/19/2025,123722,1,Return,Streets Shopping,Uttar Pradesh,11.619048,Uttar Pradesh,5,244,0,0,229208,1.05,47.61904762,0,225.7142857,UTTAR PRADESH,2025,1014070,-225.7142857
null,2/23/2025,125171,1,Cancelled,Streets Shopping,Gujarat,18.428571,Gujarat,5,387,0,0,394120,1.05,55.23809524,0,368.5714286,GUJARAT,2025,1014070,-368.5714286
null,2/23/2025,125089,1,Cancelled,Streets Shopping,Uttar Pradesh,33.75,Uttar Pradesh,12,315,0,0,207123,1.12,42.85714286,0,272.3214286,UTTAR PRADESH,2025,1014070,-272.3214286
2/1/2025,2/16/2025,122690,1,Return,Streets Shopping,Madhya Pradesh,11.904762,Madhya Pradesh,5,250,0,0,452001,1.05,49.52380952,0,227.6190476,MADHYA PRADESH,2025,1014070,-227.6190476
1/1/2025,1/28/2025,115715,1,rto,Streets Shopping,Jharkhand,11.428571,Jharkhand,5,240,0,0,822124,1.05,55.23809524,0,228.5714286,TAMIL NADU,2025,1014070,-228.5714286
2/1/2025,2/12/2025,121088,1,Return,Streets Shopping,Gujarat,12.047619,Gujarat,5,253,0,0,380013,1.05,51.42857143,0,229.5238095,GUJARAT,2025,1014070,-229.5238095
2/1/2025,2/21/2025,124520,1,Return,Streets Shopping,Haryana,11.809524,Haryana,5,248,0,0,122003,1.05,33.33333333,0,211.4285714,HARYANA,2025,1014070,-211.4285714
null,2/18/2025,123152,1,Cancelled,Streets Shopping,Maharashtra,18.809524,Maharashtra,5,395,0,0,400093,1.05,62.85714286,0,376.1904762,MAHARASHTRA,2025,1014070,-376.1904762
2/1/2025,2/11/2025,120875,1,Return,Streets Shopping,Haryana,11.904762,Haryana,5,250,0,0,122001,1.05,45.71428571,0,223.8095238,HARYANA,2025,1014070,-223.8095238
2/1/2025,2/5/2025,118483,1,Return,Streets Shopping,Telangana,11.857143,Telangana,5,249,0,0,500049,1.05,40,0,220,WEST BENGAL,2025,1014070,-220
1/1/2025,1/30/2025,116565,1,Return,Streets Shopping,Uttar Pradesh,11.666667,Uttar Pradesh,5,245,0,0,283203,1.05,45.71428571,0,223.8095238,UTTAR PRADESH,2025,1014070,-223.8095238
1/1/2025,1/23/2025,113882,1,Return,Streets Shopping,Gujarat,11.666667,Gujarat,5,245,0,0,391240,1.05,55.23809524,0,233.3333333,GUJARAT,2025,1014070,-233.3333333
2/1/2025,2/16/2025,122408,1,Return,Streets Shopping,Karnataka,11.666667,Karnataka,5,245,0,0,584135,1.05,55.23809524,0,233.3333333,KARNATAKA,2025,1014070,-233.3333333
null,2/9/2025,120147,1,Cancelled,Streets Shopping,Maharashtra,12.380952,Maharashtra,5,260,0,0,413534,1.05,55.23809524,0,247.6190476,MAHARASHTRA,2025,1014070,-247.6190476
null,2/7/2025,119311,1,Cancelled,Streets Shopping,Assam,17,Assam,5,357,0,0,788166,1.05,67.61904762,0,340,KARNATAKA,2025,1014070,-340
2/1/2025,2/11/2025,120894,1,Return,Streets Shopping,Madhya Pradesh,11.428571,Madhya Pradesh,5,240,0,0,485778,1.05,55.23809524,0,228.5714286,MADHYA PRADESH,2025,1014070,-228.5714286
2/1/2025,2/19/2025,123853,1,Return,Streets Shopping,Delhi,11.619048,Delhi,5,244,0,0,110008,1.05,43.80952381,0,221.9047619,DELHI,2025,1014070,-221.9047619
2/1/2025,2/12/2025,121155,1,Return,Streets Shopping,West Bengal,11.952381,West Bengal,5,251,0,0,700039,1.05,62.85714286,0,239.047619,WEST BENGAL,2025,1014070,-239.047619
2/1/2025,2/1/2025,117279,1,rto,Streets Shopping,Maharashtra,11.761905,Maharashtra,5,247,0,0,431001,1.05,55.23809524,0,235.2380952,MAHARASHTRA,2025,1014070,-235.2380952
2/1/2025,2/2/2025,117467,1,Return,Streets Shopping,Bihar,11.333333,Bihar,5,238,0,0,800025,1.05,38.0952381,0,209.5238095,BIHAR,2025,1014070,-209.5238095
2/1/2025,2/10/2025,120415,1,Return,Streets Shopping,Andhra Pradesh,11.285714,Andhra Pradesh,5,237,0,0,516003,1.05,55.23809524,0,225.7142857,ANDHRA PRADESH,2025,1014070,-225.7142857
2/1/2025,2/10/2025,120362,1,rto,Streets Shopping,Rajasthan,10.666667,Rajasthan,5,224,0,0,304001,1.05,46.66666667,0,204.7619048,RAJASTHAN,2025,1014070,-204.7619048
2/1/2025,2/6/2025,119014,1,Return,Streets Shopping,Maharashtra,11.666667,Maharashtra,5,245,0,0,412411,1.05,38.0952381,0,216.1904762,MAHARASHTRA,2025,1014070,-216.1904762
2/1/2025,2/2/2025,117601,1,rto,Streets Shopping,Bihar,16.380952,Bihar,5,344,0,0,848203,1.05,55.23809524,0,327.6190476,BIHAR,2025,1014070,-327.6190476
2/1/2025,2/12/2025,121302,1,Return,Streets Shopping,Madhya Pradesh,11.761905,Madhya Pradesh,5,247,0,0,474020,1.05,38.0952381,0,216.1904762,MADHYA PRADESH,2025,1014070,-216.1904762
null,2/15/2025,122338,1,Cancelled,Streets Shopping,Maharashtra,12.047619,Maharashtra,5,253,0,0,411035,1.05,62.85714286,0,240.952381,MAHARASHTRA,2025,1014070,-240.952381
2/1/2025,2/5/2025,118607,1,Return,Streets Shopping,Maharashtra,11.761905,Maharashtra,5,247,0,0,441110,1.05,38.0952381,0,218.0952381,MAHARASHTRA,2025,1014070,-218.0952381
2/1/2025,2/4/2025,118416,1,Return,Streets Shopping,Delhi,11.761905,Delhi,5,247,0,0,110053,1.05,30.47619048,0,210.4761905,DELHI,2025,1014070,-210.4761905
2/1/2025,2/9/2025,120080,1,rto,Streets Shopping,Odisha,12.380952,Odisha,5,260,0,0,767016,1.05,55.23809524,0,247.6190476,ODISHA,2025,1014070,-247.6190476
2/1/2025,2/15/2025,122090,1,Return,Streets Shopping,Telangana,11.857143,Telangana,5,249,0,0,500049,1.05,40,0,220,WEST BENGAL,2025,1014070,-220
2/1/2025,2/16/2025,122700,1,rto,Streets Shopping,Bihar,12.095238,Bihar,5,254,0,0,841413,1.05,55.23809524,0,241.9047619,BIHAR,2025,1014070,-241.9047619
2/1/2025,2/15/2025,122251,1,Return,Streets Shopping,Rajasthan,11.904762,Rajasthan,5,250,0,0,302021,1.05,42.85714286,0,220.952381,RAJASTHAN,2025,1014070,-220.952381
2/1/2025,2/12/2025,121196,1,Return,Streets Shopping,Rajasthan,23.571429,Rajasthan,5,495,0,0,322255,1.05,65.71428571,0,460,RAJASTHAN,2025,1014070,-460
2/1/2025,2/12/2025,121067,1,rto,Streets Shopping,Telangana,23.571429,Telangana,5,495,0,0,500070,1.05,76.19047619,0,470.4761905,TELANGANA,2025,1014070,-470.4761905
2/1/2025,2/14/2025,121922,1,Return,Streets Shopping,Maharashtra,11.904762,Maharashtra,5,250,0,0,440002,1.05,60,0,238.0952381,MAHARASHTRA,2025,1014070,-238.0952381
null,2/20/2025,124205,1,Cancelled,Streets Shopping,Karnataka,11.904762,Karnataka,5,250,0,0,560049,1.05,43.80952381,0,221.9047619,KARNATAKA,2025,1014070,-221.9047619
2/1/2025,1/31/2025,116783,1,Return,Streets Shopping,Uttar Pradesh,12.761905,Uttar Pradesh,5,268,0,0,273303,1.05,48.57142857,0,248.5714286,UTTAR PRADESH,2025,1014070,-248.5714286
2/1/2025,2/5/2025,118612,1,rto,Streets Shopping,Andhra Pradesh,21.285714,Andhra Pradesh,5,447,0,0,524319,1.05,55.23809524,0,425.7142857,ANDHRA PRADESH,2025,1014070,-425.7142857
2/1/2025,2/12/2025,121251,1,rto,Streets Shopping,Punjab,19.428571,Punjab,5,408,0,0,140301,1.05,55.23809524,0,388.5714286,PUNJAB,2025,1014070,-388.5714286
null,2/15/2025,122216,1,Cancelled,Streets Shopping,Uttar Pradesh,10.571429,Uttar Pradesh,5,222,0,0,246761,1.05,46.66666667,0,202.8571429,UTTAR PRADESH,2025,1014070,-202.8571429
2/1/2025,2/16/2025,122657,1,Return,Streets Shopping,Maharashtra,12.047619,Maharashtra,5,253,0,0,411014,1.05,62.85714286,0,240.952381,MAHARASHTRA,2025,1014070,-240.952381
2/1/2025,2/15/2025,122045,1,rto,Streets Shopping,Uttar Pradesh,18.666667,Uttar Pradesh,5,392,0,0,243122,1.05,49.52380952,0,362.8571429,UTTAR PRADESH,2025,1014070,-362.8571429
1/1/2025,1/19/2025,112570,1,Return,Streets Shopping,Chhattisgarh,12.809524,Chhattisgarh,5,269,0,0,491441,1.05,47.61904762,0,247.6190476,CHHATTISGARH,2025,1014070,-247.6190476
null,2/10/2025,120513,1,Cancelled,Streets Shopping,Maharashtra,11.428571,Maharashtra,5,240,0,0,442202,1.05,55.23809524,0,228.5714286,MAHARASHTRA,2025,1014070,-228.5714286
1/1/2025,1/25/2025,114628,1,rto,Streets Shopping,Odisha,12.380952,Odisha,5,260,0,0,754141,1.05,55.23809524,0,247.6190476,ODISHA,2025,1014070,-247.6190476
2/1/2025,2/16/2025,122655,1,Return,Streets Shopping,Karnataka,15.095238,Karnataka,5,317,0,0,560004,1.05,57.14285714,0,301.9047619,KARNATAKA,2025,1014070,-301.9047619
null,2/5/2025,118607,1,Cancelled,Streets Shopping,Gujarat,11.619048,Gujarat,5,244,0,0,390020,1.05,38.0952381,0,215.2380952,GUJARAT,2025,1014070,-215.2380952
2/1/2025,2/13/2025,121624,1,Return,Streets Shopping,West Bengal,12.142857,West Bengal,5,255,0,0,721302,1.05,63.80952381,0,224.7619048,WEST BENGAL,2025,1014070,-224.7619048
null,2/16/2025,122629,1,Cancelled,Streets Shopping,Maharashtra,11.428571,Maharashtra,5,240,0,0,422010,1.05,55.23809524,0,228.5714286,MAHARASHTRA,2025,1014070,-228.5714286
null,2/4/2025,118176,1,Cancelled,Streets Shopping,Uttar Pradesh,23.571429,Uttar Pradesh,5,495,0,0,271830,1.05,66.66666667,0,460.952381,UTTAR PRADESH,2025,1014070,-460.952381
2/1/2025,2/16/2025,122584,1,rto,Streets Shopping,Bihar,14.285714,Bihar,5,300,0,0,854318,1.05,64.76190476,0,285.7142857,BIHAR,2025,1014070,-285.7142857
null,2/2/2025,117610,1,Cancelled,Streets Shopping,Madhya Pradesh,16.380952,Madhya Pradesh,5,344,0,0,480331,1.05,55.23809524,0,327.6190476,MADHYA PRADESH,2025,1014070,-327.6190476
null,2/17/2025,122961,1,Cancelled,Streets Shopping,Rajasthan,17.761905,Rajasthan,5,373,0,0,333042,1.05,45.71428571,0,345.7142857,RAJASTHAN,2025,1014070,-345.7142857
2/1/2025,2/13/2025,121469,1,Return,Streets Shopping,Bihar,11.904762,Bihar,5,250,0,0,854202,1.05,60,0,238.0952381,BIHAR,2025,1014070,-238.0952381
2/1/2025,2/7/2025,119308,1,rto,Streets Shopping,Maharashtra,13,Maharashtra,5,273,0,0,400601,1.05,62.85714286,0,260,MAHARASHTRA,2025,1014070,-260
2/1/2025,2/2/2025,117688,1,Return,Streets Shopping,Karnataka,10.904762,Karnataka,5,229,0,0,560061,1.05,40.95238095,0,201.9047619,KARNATAKA,2025,1014070,-201.9047619
1/1/2025,1/22/2025,113644,1,Return,Streets Shopping,Maharashtra,11.666667,Maharashtra,5,245,0,0,440012,1.05,38.0952381,0,216.1904762,MAHARASHTRA,2025,1014070,-216.1904762
null,2/20/2025,123929,1,Cancelled,Streets Shopping,Uttar Pradesh,11.809524,Uttar Pradesh,5,248,0,0,272271,1.05,51.42857143,0,229.5238095,UTTAR PRADESH,2025,1014070,-229.5238095
null,2/2/2025,117476,1,Cancelled,Streets Shopping,Madhya Pradesh,10.285714,Madhya Pradesh,5,216,0,0,464668,1.05,55.23809524,0,205.7142857,MADHYA PRADESH,2025,1014070,-205.7142857
1/1/2025,1/15/2025,111134,1,Return,Streets Shopping,Uttar Pradesh,12.761905,Uttar Pradesh,5,268,0,0,221002,1.05,48.57142857,0,248.5714286,UTTAR PRADESH,2025,1014070,-248.5714286
2/1/2025,2/12/2025,121115,1,rto,Streets Shopping,Bihar,11.428571,Bihar,5,240,0,0,802212,1.05,55.23809524,0,228.5714286,BIHAR,2025,1014070,-228.5714286
2/1/2025,2/14/2025,121933,1,Return,Streets Shopping,Madhya Pradesh,11.428571,Madhya Pradesh,5,240,0,0,453771,1.05,55.23809524,0,228.5714286,MADHYA PRADESH,2025,1014070,-228.5714286
2/1/2025,2/5/2025,118774,1,rto,Streets Shopping,Maharashtra,11.857143,Maharashtra,5,249,0,0,421302,1.05,57.14285714,0,237.1428571,MAHARASHTRA,2025,1014070,-237.1428571
2/1/2025,2/7/2025,119380,1,Return,Streets Shopping,Delhi,11.714286,Delhi,5,246,0,0,110063,1.05,32.38095238,0,212.3809524,DELHI,2025,1014070,-212.3809524
2/1/2025,2/16/2025,122677,1,rto,Streets Shopping,Gujarat,11.904762,Gujarat,5,250,0,0,383440,1.05,60,0,238.0952381,GUJARAT,2025,1014070,-238.0952381
null,2/28/2025,126997,1,Cancelled,Streets Shopping,West Bengal,11.666667,West Bengal,5,245,0,0,743144,1.05,55.23809524,0,233.3333333,WEST BENGAL,2025,1014070,-233.3333333
2/1/2025,2/16/2025,122629,1,rto,Streets Shopping,Gujarat,11.904762,Gujarat,5,250,0,0,382140,1.05,60,0,238.0952381,GUJARAT,2025,1014070,-238.0952381
1/1/2025,1/21/2025,113190,1,Return,Streets Shopping,Maharashtra,11.761905,Maharashtra,5,247,0,0,401107,1.05,57.14285714,0,235.2380952,UTTAR PRADESH,2025,1014070,-235.2380952
2/1/2025,2/18/2025,123146,1,rto,Streets Shopping,Maharashtra,11.809524,Maharashtra,5,248,0,0,412105,1.05,49.52380952,0,225.7142857,MAHARASHTRA,2025,1014070,-225.7142857
2/1/2025,2/11/2025,120779,1,Return,Streets Shopping,Delhi,11.761905,Delhi,5,247,0,0,110074,1.05,30.47619048,0,210.4761905,DELHI,2025,1014070,-210.4761905
2/1/2025,2/3/2025,117945,1,Return,Streets Shopping,Odisha,11.666667,Odisha,5,245,0,0,769008,1.05,38.0952381,0,216.1904762,ODISHA,2025,1014070,-216.1904762
2/1/2025,2/8/2025,119737,1,rto,Streets Shopping,Tamil Nadu,16.380952,Tamil Nadu,5,344,0,0,608703,1.05,55.23809524,0,327.6190476,TAMIL NADU,2025,1014070,-327.6190476
null,2/21/2025,124460,1,Cancelled,Streets Shopping,Madhya Pradesh,11.714286,Madhya Pradesh,5,246,0,0,484551,1.05,58.0952381,0,234.2857143,MADHYA PRADESH,2025,1014070,-234.2857143
null,2/14/2025,121865,1,Cancelled,Streets Shopping,Bihar,12.380952,Bihar,5,260,0,0,841219,1.05,55.23809524,0,247.6190476,BIHAR,2025,1014070,-247.6190476
2/1/2025,2/7/2025,119291,1,Return,Streets Shopping,Uttar Pradesh,12.857143,Uttar Pradesh,5,270,0,0,209206,1.05,54.28571429,0,251.4285714,UTTAR PRADESH,2025,1014070,-251.4285714
2/1/2025,2/18/2025,123268,1,Return,Streets Shopping,Madhya Pradesh,11.904762,Madhya Pradesh,5,250,0,0,486005,1.05,60,0,238.0952381,MADHYA PRADESH,2025,1014070,-238.0952381
,,,,,,,,,,,,,,,,,,,,,49266.96429
